{"stats":{"minecraft:custom":{"minecraft:interact_with_crafting_table":88,"minecraft:open_barrel":13,"goblintraders:trade_with_goblin":26,"minecraft:bell_ring":33,"minecraft:eat_cake_slice":10,"minecraft:leave_game":6,"minecraft:time_since_death":252097,"minecraft:sprint_one_cm":887727,"minecraft:damage_blocked_by_shield":90,"minecraft:drop":315,"tombstone:eaten_lollipop":4,"minecraft:talked_to_villager":2,"minecraft:play_time":277448,"minecraft:deaths":1,"minecraft:jump":4277,"minecraft:walk_on_water_one_cm":55309,"minecraft:enchant_item":22,"minecraft:interact_with_furnace":44,"minecraft:sleep_in_bed":5,"minecraft:damage_dealt":17753,"minecraft:crouch_one_cm":180770,"tombstone:undead_killed":64,"tombstone:villager_killed":1,"minecraft:interact_with_smoker":1,"minecraft:inspect_dispenser":6,"minecraft:interact_with_anvil":4,"minecraft:mob_kills":107,"minecraft:interact_with_campfire":8,"minecraft:climb_one_cm":5356,"minecraft:walk_one_cm":436788,"minecraft:sneak_time":49499,"minecraft:walk_under_water_one_cm":7700,"minecraft:interact_with_blast_furnace":45,"minecraft:total_world_time":277448,"tombstone:raider_killed":3,"minecraft:interact_with_grindstone":10,"minecraft:time_since_rest":115057,"minecraft:damage_taken":2979,"minecraft:swim_one_cm":17930,"minecraft:fly_one_cm":710349,"minecraft:open_chest":222,"minecraft:fall_one_cm":122837},"minecraft:used":{"minecraft:iron_shovel":339,"minecraft:spruce_slab":31,"minecraft:dispenser":2,"minecraft:ladder":3,"minecraft:chest":35,"gobber2:gobber2_gooey_bread":4,"minecraft:stone":140,"minecraft:iron_sword":161,"tombstone:lollipop":4,"minecraft:bell":4,"minecraft:carrot":195,"minecraft:stripped_spruce_log":4,"minecraft:glass":3,"minecraft:cyan_terracotta":2,"minecraft:dark_oak_slab":1,"minecraft:stone_bricks":178,"minecraft:item_frame":3,"minecraft:bow":9,"spartanshields:iron_basic_shield":3,"minecraft:furnace":10,"simpleores:adamantium_sword":133,"minecraft:powered_rail":2,"minecraft:blackstone":22,"minecraft:composter":6,"minecraft:sand":1,"minecraft:mushroom_stew":3,"minecraft:blast_furnace":10,"minecraft:stone_brick_wall":48,"minecraft:redstone_torch":1,"minecraft:lever":6,"minecraft:bread":17,"minecraft:cyan_bed":2,"minecraft:string":70,"paraglider:kakariko_goddess_statue":1,"minecraft:gravel":110,"minecraft:grindstone":2,"minecraft:smithing_table":1,"minecraft:mossy_cobblestone_wall":1,"minecraft:coarse_dirt":4,"minecraft:bone_meal":60,"minecraft:experience_bottle":6,"simpleores:adamantium_pickaxe":399,"minecraft:enchanting_table":1,"minecraft:flint_and_steel":11,"simpleores:adamantium_shovel":640,"minecraft:spruce_planks":229,"minecraft:netherrack":161,"minecraft:torch":73,"minecraft:dirt":409,"minecraft:anvil":1,"minecraft:hopper":19,"minecraft:spruce_fence":10,"minecraft:iron_hoe":186,"minecraft:dark_oak_planks":12,"minecraft:bookshelf":15,"simpleores:adamantium_axe":262,"minecraft:iron_axe":189,"minecraft:tripwire_hook":8,"minecraft:minecart":10,"tombstone:gift":2,"dynamictrees:dark_oak_seed":6,"minecraft:cobbled_deepslate":86,"minecraft:brown_bed":2,"minecraft:calcite":2,"minecraft:wheat_seeds":83,"minecraft:cooked_mutton":8,"minecraft:water_bucket":118,"minecraft:baked_potato":40,"minecraft:green_bed":17,"minecraft:polished_blackstone_bricks":2,"minecraft:rail":115,"justhammers:diamond_hammer":127,"minecraft:crafting_table":13,"minecraft:red_bed":1,"simpleores:adamantium_shears":22,"minecraft:white_bed":3,"minecraft:campfire":1,"minecraft:cake":3,"minecraft:diamond_pickaxe":975,"minecraft:black_wool":1,"minecraft:cracked_polished_blackstone_bricks":20,"minecraft:lapis_ore":2,"minecraft:spruce_trapdoor":50,"minecraft:cobblestone":286,"minecraft:cooked_porkchop":2,"minecraft:bucket":118,"minecraft:glass_pane":161,"minecraft:pumpkin_pie":3},"minecraft:dropped":{"minecraft:iron_sword":1,"minecraft:porkchop":3,"minecraft:dark_oak_stairs":2,"minecraft:oak_log":1,"minecraft:baked_potato":1,"minecraft:crafting_table":1,"minecraft:crossbow":1,"minecraft:glow_berries":4,"minecraft:leather":3,"minecraft:mossy_cobblestone_wall":1,"minecraft:brown_banner":2,"minecraft:flint":3,"minecraft:item_frame":7,"minecraft:emerald":1,"minecraft:dirt":27,"tombstone:bag_of_seeds":3,"minecraft:grass":5,"minecraft:cornflower":3,"minecraft:mutton":6,"minecraft:gold_nugget":2,"minecraft:amethyst_shard":1,"minecraft:bone_block":4,"minecraft:polished_blackstone_bricks":9,"gobber2:gobber2_goo":5,"minecraft:dark_oak_planks":12,"minecraft:birch_log":2,"minecraft:white_wool":2,"minecraft:cyan_carpet":1,"minecraft:bone":3,"minecraft:gravel":2,"minecraft:white_tulip":1,"minecraft:chiseled_polished_blackstone":1,"minecraft:cobbled_deepslate":9,"tombstone:gift":1,"minecraft:beetroot":6,"minecraft:rotten_flesh":33,"gobber2:gobber2_gooey_beefstew":1,"minecraft:azure_bluet":1,"minecraft:poppy":4,"minecraft:gunpowder":9,"minecraft:birch_door":1,"minecraft:chest":2,"minecraft:painting":4,"minecraft:spruce_slab":18,"minecraft:red_nether_bricks":2,"minecraft:arrow":2,"minecraft:scaffolding":3,"justhammers:diamond_hammer":1,"minecraft:enchanted_book":2,"minecraft:water_bucket":1,"minecraft:golden_boots":1,"minecraft:wheat_seeds":31,"minecraft:mossy_cobblestone":2,"minecraft:minecart":1,"minecraft:iron_helmet":1,"minecraft:feather":9,"minecraft:cobblestone":1,"simpleores:adamantium_shears":2,"minecraft:spruce_door":1,"minecraft:spruce_stairs":1,"spartanshields:iron_basic_shield":1,"minecraft:coal":1,"minecraft:mushroom_stew":8,"minecraft:pufferfish":1,"simpleores:adamantium_axe":1,"minecraft:gray_wool":1,"minecraft:diorite":16,"minecraft:torch":2,"tombstone:grave_dust":7,"minecraft:potion":1,"minecraft:iron_leggings":1,"minecraft:iron_axe":1,"minecraft:iron_shovel":1,"minecraft:string":5,"minecraft:tripwire_hook":5,"minecraft:gray_carpet":7,"minecraft:beetroot_soup":1,"minecraft:dandelion":4,"alexsmobs:maggot":2,"minecraft:coarse_dirt":1,"minecraft:bowl":2,"minecraft:tuff":1,"gobber2:gobber2_gooey_beef":2,"iceandfire:silver_ore":2,"minecraft:iron_boots":1,"minecraft:stone_slab":2,"minecraft:damaged_anvil":1,"minecraft:spruce_fence":17,"minecraft:glass_pane":2,"minecraft:pumpkin_seeds":8,"minecraft:copper_ore":1,"simpleores:raw_tin":28,"minecraft:spruce_planks":1,"minecraft:iron_chestplate":1,"minecraft:diamond_pickaxe":1,"minecraft:andesite":18,"minecraft:oak_sapling":1,"minecraft:carved_pumpkin":1,"iceandfire:lectern":3,"minecraft:stone_pressure_plate":3,"minecraft:barrel":4,"minecraft:bow":1,"minecraft:blue_orchid":10,"minecraft:cyan_bed":2},"minecraft:broken":{"minecraft:iron_shovel":1},"minecraft:mined":{"minecraft:dark_oak_planks":3,"minecraft:spruce_planks":34,"minecraft:white_bed":2,"minecraft:farmland":11,"minecraft:red_nether_bricks":2,"minecraft:carved_pumpkin":1,"minecraft:spruce_trapdoor":37,"minecraft:stone_brick_wall":12,"minecraft:grass_block":199,"gobber2:gobber2_lucky_block":4,"iceandfire:lectern":5,"minecraft:coal_block":30,"minecraft:composter":1,"minecraft:hopper":12,"minecraft:spawner":5,"minecraft:polished_blackstone_bricks":6,"minecraft:tall_seagrass":1,"minecraft:iron_ore":54,"minecraft:cobbled_deepslate":6,"minecraft:fire":14,"minecraft:barrel":4,"minecraft:pumpkin":30,"minecraft:anvil":1,"minecraft:deepslate_lapis_ore":8,"minecraft:brown_bed":2,"minecraft:azure_bluet":1,"minecraft:dark_oak_stairs":2,"minecraft:dirt_path":26,"simpleores:tin_ore":15,"minecraft:blue_orchid":10,"minecraft:spruce_slab":20,"minecraft:green_bed":19,"minecraft:tripwire":30,"minecraft:deepslate_redstone_ore":24,"minecraft:red_bed":2,"minecraft:cyan_terracotta":2,"minecraft:torch":16,"minecraft:blast_furnace":21,"minecraft:calcite":2,"minecraft:mossy_cobblestone_wall":2,"minecraft:chest":23,"minecraft:nether_quartz_ore":20,"minecraft:cobblestone":52,"minecraft:cyan_bed":4,"minecraft:grindstone":2,"minecraft:damaged_anvil":1,"minecraft:wall_torch":11,"minecraft:birch_log":2,"minecraft:wheat":34,"paraglider:kakariko_goddess_statue":2,"minecraft:brown_wall_banner":1,"minecraft:pumpkin_stem":13,"minecraft:birch_door":1,"minecraft:grass":35,"minecraft:oak_log":2,"minecraft:sand":113,"minecraft:dirt":216,"minecraft:tripwire_hook":7,"minecraft:stonecutter":1,"minecraft:dispenser":1,"minecraft:netherrack":153,"minecraft:oak_leaves":19,"minecraft:deepslate":86,"minecraft:tuff":1,"minecraft:deepslate_diamond_ore":8,"minecraft:red_stained_glass":2,"minecraft:dark_oak_log":1,"minecraft:spruce_fence":59,"minecraft:spruce_leaves":7,"simpleores:deepslate_adamantium_ore":40,"minecraft:large_fern":14,"minecraft:hay_block":12,"minecraft:furnace":16,"minecraft:carrots":30,"minecraft:andesite":16,"minecraft:stripped_spruce_log":65,"minecraft:bell":4,"minecraft:bookshelf":57,"minecraft:potatoes":2,"minecraft:deepslate_iron_ore":11,"minecraft:rail":37,"minecraft:stone":317,"minecraft:smithing_table":1,"minecraft:glass_pane":25,"minecraft:spruce_door":1,"minecraft:crafting_table":10,"minecraft:campfire":16,"minecraft:stone_slab":2,"minecraft:tall_grass":43,"biomesoplenty:sprout":3,"minecraft:lapis_ore":6,"minecraft:deepslate_gold_ore":60,"minecraft:diorite":16,"minecraft:spruce_stairs":51,"minecraft:coarse_dirt":5,"simpleores:deepslate_mythril_ore":28,"minecraft:spruce_log":5,"minecraft:birch_leaves":11,"minecraft:coal_ore":138,"minecraft:sunflower":1,"minecraft:gravel":121,"minecraft:stone_bricks":112,"minecraft:fern":7},"minecraft:killed":{"minecraft:spider":9,"minecraft:skeleton":32,"minecraft:chicken":4,"minecraft:pig":2,"minecraft:creeper":6,"minecraft:sheep":8,"minecraft:pillager":1,"minecraft:zombie":32,"alexsmobs:terrapin":2,"takesapillage:archer":2,"minecraft:cow":6,"alexsmobs:bison":1,"minecraft:villager":1},"minecraft:picked_up":{"minecraft:birch_door":1,"minecraft:wheat":32,"minecraft:anvil":1,"minecraft:smithing_table":1,"minecraft:stone_slab":2,"minecraft:brown_bed":2,"minecraft:potion":1,"minecraft:enchanted_book":2,"minecraft:string":33,"minecraft:red_nether_bricks":2,"minecraft:beetroot_soup":1,"minecraft:pufferfish":1,"minecraft:experience_bottle":6,"minecraft:beetroot":6,"dynamictrees:dark_oak_seed":6,"minecraft:cobbled_deepslate":98,"minecraft:spruce_planks":18,"minecraft:white_tulip":1,"simpleores:raw_tin":29,"minecraft:calcite":2,"minecraft:coal_block":28,"minecraft:furnace":16,"minecraft:stick":18,"simpleores:mythril_ingot":19,"minecraft:composter":1,"minecraft:torch":58,"minecraft:green_bed":19,"paraglider:kakariko_goddess_statue":2,"minecraft:spruce_stairs":51,"iceandfire:silver_ore":2,"minecraft:porkchop":3,"tombstone:grave_dust":8,"minecraft:diorite":16,"tombstone:lollipop":4,"minecraft:rotten_flesh":41,"minecraft:carved_pumpkin":1,"minecraft:cyan_terracotta":2,"minecraft:cobblestone":635,"minecraft:birch_log":2,"minecraft:feather":9,"minecraft:andesite":141,"spartanshields:iron_basic_shield":1,"minecraft:potato":2,"paraglider:spirit_orb":10,"minecraft:flint":31,"minecraft:tuff":1,"minecraft:lapis_lazuli":80,"minecraft:dirt":436,"minecraft:bone":35,"simpleores:raw_mythril":28,"minecraft:bow":3,"gobber2:gobber2_gooey_beef":2,"minecraft:wheat_seeds":120,"minecraft:raw_gold":60,"minecraft:bell":4,"minecraft:grindstone":2,"gobber2:gobber2_gooey_bread":4,"minecraft:sand":113,"minecraft:stripped_spruce_log":63,"minecraft:cyan_bed":6,"minecraft:dark_oak_log":68,"minecraft:barrel":4,"minecraft:mossy_cobblestone":2,"minecraft:dispenser":1,"minecraft:diamond":8,"iceandfire:lectern":3,"minecraft:lever":4,"minecraft:grass":5,"minecraft:golden_apple":1,"minecraft:emerald":2,"minecraft:bread":15,"alexsmobs:maggot":2,"minecraft:oak_sapling":1,"minecraft:netherrack":134,"gobber2:gobber2_goo":5,"minecraft:diamond_pickaxe":1,"minecraft:charcoal":56,"minecraft:coarse_dirt":5,"minecraft:crafting_table":9,"minecraft:azure_bluet":1,"minecraft:chicken":6,"minecraft:stone_brick_wall":12,"minecraft:cornflower":3,"minecraft:red_bed":2,"minecraft:item_frame":10,"minecraft:glass_pane":1,"minecraft:cyan_carpet":1,"minecraft:blue_orchid":10,"minecraft:mossy_cobblestone_wall":3,"simpleores:raw_adamantium":45,"minecraft:beef":15,"minecraft:poppy":4,"minecraft:spruce_slab":21,"minecraft:minecart":13,"minecraft:chest":23,"minecraft:spruce_trapdoor":37,"minecraft:copper_ore":1,"minecraft:raw_iron":66,"minecraft:stone":460,"minecraft:bowl":1,"minecraft:spruce_fence":59,"minecraft:polished_blackstone_bricks":6,"minecraft:cake":1,"minecraft:carrot":105,"minecraft:redstone":107,"minecraft:stone_pressure_plate":3,"minecraft:dark_oak_planks":2,"minecraft:arrow":36,"minecraft:hay_block":12,"minecraft:gold_ingot":40,"minecraft:glow_berries":4,"minecraft:mutton":14,"minecraft:rail":42,"minecraft:white_wool":5,"minecraft:lapis_ore":2,"minecraft:tripwire_hook":11,"gobber2:gobber2_gooey_beefstew":1,"minecraft:leather":6,"minecraft:mushroom_stew":7,"minecraft:oak_log":2,"minecraft:gunpowder":9,"minecraft:cooked_mutton":8,"simpleores:adamantium_shears":2,"minecraft:stone_bricks":109,"minecraft:gray_carpet":7,"tombstone:bag_of_seeds":3,"minecraft:dark_oak_stairs":2,"minecraft:book":171,"minecraft:scaffolding":3,"minecraft:pumpkin":30,"minecraft:quartz":19,"minecraft:dandelion":4,"minecraft:gravel":92,"minecraft:amethyst_shard":1,"minecraft:blast_furnace":21,"minecraft:white_bed":2,"minecraft:spruce_log":5,"minecraft:spruce_door":2,"minecraft:spider_eye":4,"minecraft:pumpkin_seeds":8,"minecraft:painting":5,"minecraft:gray_wool":1,"minecraft:baked_potato":1,"minecraft:brown_banner":2,"minecraft:damaged_anvil":1,"minecraft:black_wool":1,"minecraft:coal":172,"minecraft:hopper":12},"minecraft:killed_by":{"minecraft:creeper":1},"minecraft:crafted":{"minecraft:oak_planks":4,"minecraft:cooked_chicken":6,"minecraft:lever":2,"minecraft:bookshelf":15,"minecraft:glass":112,"minecraft:hopper":7,"minecraft:bow":1,"justhammers:diamond_hammer":1,"minecraft:chest":21,"simpleores:adamantium_shovel":1,"minecraft:rail":96,"minecraft:stone_bricks":128,"simpleores:mythril_rod":2,"simpleores:mythril_boots":1,"simpleores:adamantium_sword":1,"minecraft:crafting_table":5,"minecraft:spruce_planks":556,"minecraft:baked_potato":84,"simpleores:adamantium_ingot":39,"minecraft:campfire":1,"minecraft:dispenser":1,"simpleores:adamantium_leggings":1,"minecraft:spruce_trapdoor":16,"minecraft:dark_oak_slab":36,"minecraft:stick":124,"minecraft:iron_ingot":46,"minecraft:gold_ingot":39,"minecraft:redstone_torch":1,"minecraft:composter":5,"minecraft:coal":37,"minecraft:stone_brick_wall":36,"minecraft:tripwire_hook":2,"minecraft:furnace":1,"simpleores:adamantium_shears":1,"minecraft:bone_meal":60,"minecraft:glass_pane":288,"simpleores:mythril_helmet":1,"minecraft:ladder":3,"minecraft:spruce_slab":42,"minecraft:iron_hoe":1,"simpleores:adamantium_axe":2,"simpleores:adamantium_pickaxe":1,"minecraft:dark_oak_planks":136,"minecraft:minecart":4,"minecraft:cooked_beef":8,"simpleores:mythril_pickaxe":1,"minecraft:enchanting_table":1,"minecraft:powered_rail":6,"minecraft:bucket":1,"minecraft:air":0,"simpleores:mythril_ingot":9,"minecraft:iron_shovel":2,"minecraft:white_bed":1,"minecraft:torch":20,"minecraft:diamond_chestplate":1}},"DataVersion":3465}