{"stats":{"minecraft:used":{"minecraft:cooked_mutton":5,"minecraft:water_bucket":4,"minecraft:flint_and_steel":9,"minecraft:baked_potato":1,"minecraft:iron_sword":33,"minecraft:netherrack":161,"minecraft:polished_blackstone_bricks":2,"minecraft:torch":1,"minecraft:crafting_table":3,"minecraft:white_bed":1,"minecraft:campfire":1,"minecraft:stripped_spruce_log":2,"minecraft:dark_oak_planks":12,"minecraft:cyan_terracotta":2,"minecraft:diamond_pickaxe":410,"minecraft:black_wool":1,"minecraft:iron_axe":34,"minecraft:bow":3,"minecraft:cobblestone":79,"spartanshields:iron_basic_shield":1,"minecraft:furnace":1,"minecraft:cooked_porkchop":2,"minecraft:bucket":4,"minecraft:pumpkin_pie":3,"dynamictrees:dark_oak_seed":6},"minecraft:dropped":{"minecraft:golden_boots":1,"minecraft:white_tulip":1,"alexsmobs:maggot":2,"minecraft:crossbow":1,"minecraft:feather":9,"minecraft:rotten_flesh":10,"gobber2:gobber2_gooey_beefstew":1,"minecraft:item_frame":1,"minecraft:emerald":1,"minecraft:dirt":3,"simpleores:raw_tin":2,"minecraft:gunpowder":4,"minecraft:diorite":11,"minecraft:torch":1,"minecraft:diamond_pickaxe":1,"minecraft:carved_pumpkin":1,"minecraft:painting":4,"minecraft:gold_nugget":2,"minecraft:bone_block":4,"minecraft:polished_blackstone_bricks":4,"gobber2:gobber2_goo":2,"minecraft:dark_oak_planks":1,"minecraft:birch_log":2},"minecraft:killed":{"minecraft:creeper":1,"minecraft:skeleton":1,"minecraft:sheep":4,"minecraft:zombie":5,"minecraft:chicken":4,"minecraft:cow":2},"minecraft:crafted":{"minecraft:crafting_table":1,"minecraft:spruce_planks":36,"minecraft:baked_potato":19,"minecraft:cooked_chicken":6,"minecraft:furnace":1,"minecraft:campfire":1,"minecraft:air":0,"minecraft:white_bed":1,"minecraft:dark_oak_planks":20},"minecraft:mined":{"minecraft:white_bed":1,"minecraft:cyan_terracotta":2,"minecraft:dark_oak_log":1,"minecraft:carved_pumpkin":1,"minecraft:crafting_table":3,"minecraft:grass_block":5,"gobber2:gobber2_lucky_block":3,"minecraft:spruce_leaves":3,"minecraft:tall_grass":4,"minecraft:nether_quartz_ore":20,"minecraft:coal_block":24,"minecraft:cobblestone":5,"minecraft:diorite":14,"minecraft:wall_torch":1,"minecraft:polished_blackstone_bricks":6,"minecraft:furnace":1,"minecraft:birch_log":2,"minecraft:iron_ore":32,"minecraft:fire":9,"minecraft:stripped_spruce_log":2,"minecraft:birch_leaves":11,"minecraft:pumpkin":20,"minecraft:grass":4,"minecraft:coal_ore":31,"minecraft:gravel":1,"simpleores:tin_ore":2,"minecraft:stone":110,"minecraft:netherrack":153,"minecraft:oak_leaves":1,"minecraft:fern":2},"minecraft:killed_by":{"minecraft:creeper":1},"minecraft:custom":{"minecraft:interact_with_furnace":7,"minecraft:mob_kills":17,"minecraft:interact_with_crafting_table":6,"minecraft:interact_with_campfire":8,"minecraft:leave_game":2,"minecraft:time_since_death":18085,"minecraft:sleep_in_bed":3,"minecraft:climb_one_cm":969,"minecraft:time_since_rest":3974,"minecraft:sprint_one_cm":107220,"minecraft:damage_taken":851,"minecraft:walk_one_cm":51149,"minecraft:damage_blocked_by_shield":30,"minecraft:drop":52,"minecraft:damage_dealt":1928,"minecraft:swim_one_cm":13219,"minecraft:fly_one_cm":133676,"minecraft:open_chest":16,"minecraft:crouch_one_cm":40171,"minecraft:play_time":43436,"tombstone:undead_killed":6,"minecraft:deaths":1,"minecraft:sneak_time":8737,"minecraft:walk_under_water_one_cm":3909,"minecraft:jump":742,"minecraft:walk_on_water_one_cm":946,"minecraft:total_world_time":43436,"minecraft:fall_one_cm":27649},"minecraft:picked_up":{"minecraft:birch_log":2,"minecraft:crafting_table":3,"minecraft:feather":9,"minecraft:chicken":6,"minecraft:leather":3,"gobber2:gobber2_gooey_beefstew":1,"minecraft:gunpowder":4,"minecraft:dirt":3,"minecraft:cooked_mutton":8,"minecraft:item_frame":1,"minecraft:bone":2,"minecraft:wheat_seeds":2,"dynamictrees:dark_oak_seed":6,"minecraft:beef":2,"minecraft:white_tulip":1,"simpleores:raw_tin":2,"minecraft:coal_block":23,"minecraft:furnace":1,"minecraft:scaffolding":3,"minecraft:stick":16,"minecraft:raw_iron":31,"minecraft:pumpkin":20,"minecraft:torch":2,"minecraft:quartz":19,"minecraft:gravel":2,"minecraft:polished_blackstone_bricks":6,"minecraft:stripped_spruce_log":2,"tombstone:grave_dust":2,"minecraft:diorite":13,"minecraft:white_bed":1,"minecraft:carrot":1,"minecraft:dark_oak_log":68,"minecraft:arrow":2,"minecraft:rotten_flesh":10,"minecraft:painting":4,"minecraft:carved_pumpkin":1,"minecraft:cyan_terracotta":2,"minecraft:emerald":1,"alexsmobs:maggot":2,"minecraft:netherrack":134,"minecraft:black_wool":1,"minecraft:mutton":8,"minecraft:coal":30,"gobber2:gobber2_goo":2,"minecraft:white_wool":3,"minecraft:cobblestone":108,"minecraft:diamond_pickaxe":1}},"DataVersion":3465}