{"stats":{"minecraft:crafted":{"minecraft:cooked_chicken":6,"minecraft:lever":1,"minecraft:glass":112,"minecraft:bow":1,"justhammers:diamond_hammer":1,"minecraft:chest":4,"simpleores:adamantium_shovel":1,"minecraft:rail":96,"simpleores:mythril_boots":1,"simpleores:adamantium_sword":1,"minecraft:crafting_table":5,"minecraft:spruce_planks":308,"minecraft:baked_potato":48,"simpleores:adamantium_ingot":33,"minecraft:campfire":1,"minecraft:dispenser":1,"simpleores:adamantium_leggings":1,"minecraft:spruce_trapdoor":16,"minecraft:stick":124,"minecraft:iron_ingot":24,"minecraft:gold_ingot":39,"minecraft:redstone_torch":1,"minecraft:composter":2,"minecraft:coal":37,"minecraft:furnace":1,"minecraft:bone_meal":60,"minecraft:glass_pane":288,"simpleores:mythril_helmet":1,"simpleores:adamantium_axe":2,"minecraft:ladder":3,"minecraft:spruce_slab":42,"minecraft:iron_hoe":1,"simpleores:adamantium_pickaxe":1,"minecraft:dark_oak_planks":76,"minecraft:minecart":4,"minecraft:powered_rail":6,"minecraft:bucket":1,"minecraft:air":0,"simpleores:mythril_ingot":9,"minecraft:iron_shovel":2,"minecraft:white_bed":1,"minecraft:torch":20,"minecraft:diamond_chestplate":1},"minecraft:dropped":{"minecraft:iron_sword":1,"minecraft:porkchop":3,"minecraft:dark_oak_stairs":2,"minecraft:oak_log":1,"minecraft:baked_potato":1,"minecraft:crafting_table":1,"minecraft:crossbow":1,"minecraft:glow_berries":4,"minecraft:item_frame":6,"minecraft:emerald":1,"minecraft:dirt":3,"tombstone:bag_of_seeds":3,"minecraft:mutton":6,"minecraft:gold_nugget":2,"minecraft:amethyst_shard":1,"minecraft:bone_block":4,"minecraft:polished_blackstone_bricks":4,"gobber2:gobber2_goo":2,"minecraft:dark_oak_planks":3,"minecraft:birch_log":2,"minecraft:white_wool":2,"minecraft:cyan_carpet":1,"minecraft:gravel":2,"minecraft:white_tulip":1,"tombstone:gift":1,"minecraft:beetroot":6,"minecraft:rotten_flesh":16,"gobber2:gobber2_gooey_beefstew":1,"minecraft:azure_bluet":1,"minecraft:poppy":4,"minecraft:gunpowder":9,"minecraft:birch_door":1,"minecraft:chest":2,"minecraft:painting":4,"minecraft:spruce_slab":6,"minecraft:red_nether_bricks":2,"minecraft:scaffolding":3,"minecraft:enchanted_book":2,"minecraft:water_bucket":1,"minecraft:golden_boots":1,"minecraft:wheat_seeds":12,"minecraft:iron_helmet":1,"minecraft:feather":9,"minecraft:cobblestone":1,"minecraft:spruce_door":1,"spartanshields:iron_basic_shield":1,"minecraft:coal":1,"minecraft:mushroom_stew":8,"minecraft:pufferfish":1,"simpleores:adamantium_axe":1,"minecraft:gray_wool":1,"minecraft:diorite":16,"minecraft:torch":1,"tombstone:grave_dust":5,"minecraft:potion":1,"minecraft:iron_leggings":1,"minecraft:iron_axe":1,"minecraft:iron_shovel":1,"minecraft:string":2,"minecraft:tripwire_hook":5,"minecraft:gray_carpet":7,"minecraft:beetroot_soup":1,"minecraft:dandelion":1,"alexsmobs:maggot":2,"minecraft:coarse_dirt":1,"minecraft:bowl":2,"minecraft:tuff":1,"minecraft:iron_boots":1,"minecraft:stone_slab":2,"minecraft:damaged_anvil":1,"minecraft:spruce_fence":17,"minecraft:glass_pane":2,"minecraft:pumpkin_seeds":8,"simpleores:raw_tin":2,"minecraft:spruce_planks":1,"minecraft:iron_chestplate":1,"minecraft:diamond_pickaxe":1,"minecraft:andesite":2,"minecraft:carved_pumpkin":1,"minecraft:stone_pressure_plate":3,"iceandfire:lectern":3,"minecraft:barrel":4,"minecraft:blue_orchid":10,"minecraft:cyan_bed":2},"minecraft:picked_up":{"minecraft:birch_door":1,"minecraft:wheat":32,"minecraft:anvil":1,"minecraft:smithing_table":1,"minecraft:stone_slab":2,"minecraft:brown_bed":2,"minecraft:potion":1,"minecraft:enchanted_book":2,"minecraft:red_nether_bricks":2,"minecraft:beetroot_soup":1,"minecraft:pufferfish":1,"minecraft:experience_bottle":5,"minecraft:beetroot":6,"dynamictrees:dark_oak_seed":6,"minecraft:cobbled_deepslate":98,"minecraft:spruce_planks":14,"minecraft:white_tulip":1,"simpleores:raw_tin":3,"minecraft:calcite":2,"minecraft:coal_block":28,"minecraft:furnace":16,"minecraft:stick":18,"simpleores:mythril_ingot":19,"minecraft:composter":1,"minecraft:torch":41,"minecraft:green_bed":17,"paraglider:kakariko_goddess_statue":2,"minecraft:porkchop":3,"tombstone:grave_dust":6,"minecraft:diorite":16,"tombstone:lollipop":3,"minecraft:rotten_flesh":24,"minecraft:carved_pumpkin":1,"minecraft:cyan_terracotta":2,"minecraft:cobblestone":517,"minecraft:birch_log":2,"minecraft:feather":9,"minecraft:andesite":2,"spartanshields:iron_basic_shield":1,"minecraft:potato":2,"paraglider:spirit_orb":10,"minecraft:tuff":1,"minecraft:lapis_lazuli":43,"minecraft:dirt":258,"minecraft:bone":32,"simpleores:raw_mythril":28,"minecraft:bow":1,"minecraft:wheat_seeds":101,"minecraft:raw_gold":60,"minecraft:bell":4,"minecraft:grindstone":1,"gobber2:gobber2_gooey_bread":1,"minecraft:sand":113,"minecraft:stripped_spruce_log":10,"minecraft:cyan_bed":6,"minecraft:dark_oak_log":68,"minecraft:barrel":4,"minecraft:dispenser":1,"minecraft:diamond":8,"iceandfire:lectern":3,"minecraft:golden_apple":1,"minecraft:emerald":1,"minecraft:bread":15,"alexsmobs:maggot":2,"minecraft:netherrack":134,"gobber2:gobber2_goo":2,"minecraft:diamond_pickaxe":1,"minecraft:charcoal":56,"minecraft:coarse_dirt":5,"minecraft:crafting_table":9,"minecraft:azure_bluet":1,"minecraft:chicken":6,"minecraft:red_bed":2,"minecraft:item_frame":9,"minecraft:cyan_carpet":1,"minecraft:blue_orchid":10,"simpleores:raw_adamantium":45,"minecraft:beef":10,"minecraft:poppy":4,"minecraft:spruce_slab":9,"minecraft:minecart":11,"minecraft:chest":2,"minecraft:spruce_trapdoor":15,"minecraft:raw_iron":51,"minecraft:bowl":1,"minecraft:spruce_fence":27,"minecraft:polished_blackstone_bricks":6,"minecraft:cake":1,"minecraft:carrot":105,"minecraft:redstone":107,"minecraft:stone_pressure_plate":3,"minecraft:dark_oak_planks":2,"minecraft:arrow":31,"minecraft:hay_block":12,"minecraft:gold_ingot":40,"minecraft:glow_berries":4,"minecraft:mutton":14,"minecraft:white_wool":5,"minecraft:rail":6,"minecraft:tripwire_hook":5,"gobber2:gobber2_gooey_beefstew":1,"minecraft:leather":3,"minecraft:mushroom_stew":7,"minecraft:oak_log":1,"minecraft:gunpowder":9,"minecraft:cooked_mutton":8,"minecraft:gray_carpet":7,"tombstone:bag_of_seeds":3,"minecraft:dark_oak_stairs":2,"minecraft:book":171,"minecraft:scaffolding":3,"minecraft:pumpkin":30,"minecraft:quartz":19,"minecraft:dandelion":1,"minecraft:gravel":4,"minecraft:amethyst_shard":1,"minecraft:blast_furnace":21,"minecraft:white_bed":2,"minecraft:spruce_log":5,"minecraft:spruce_door":2,"minecraft:pumpkin_seeds":8,"minecraft:painting":4,"minecraft:gray_wool":1,"minecraft:baked_potato":1,"minecraft:damaged_anvil":1,"minecraft:black_wool":1,"minecraft:coal":143},"minecraft:used":{"minecraft:iron_shovel":339,"minecraft:spruce_slab":31,"minecraft:dispenser":2,"minecraft:ladder":3,"minecraft:chest":4,"gobber2:gobber2_gooey_bread":1,"minecraft:iron_sword":161,"tombstone:lollipop":3,"minecraft:bell":4,"minecraft:carrot":195,"minecraft:stripped_spruce_log":4,"minecraft:glass":3,"minecraft:cyan_terracotta":2,"minecraft:item_frame":3,"minecraft:bow":9,"spartanshields:iron_basic_shield":3,"minecraft:furnace":10,"simpleores:adamantium_sword":65,"minecraft:powered_rail":2,"minecraft:blackstone":22,"minecraft:composter":3,"minecraft:sand":1,"minecraft:mushroom_stew":3,"minecraft:blast_furnace":8,"minecraft:redstone_torch":1,"minecraft:lever":1,"minecraft:bread":17,"minecraft:cyan_bed":2,"minecraft:coarse_dirt":4,"minecraft:bone_meal":60,"minecraft:experience_bottle":5,"simpleores:adamantium_pickaxe":133,"minecraft:flint_and_steel":11,"simpleores:adamantium_shovel":38,"minecraft:spruce_planks":159,"minecraft:netherrack":161,"minecraft:torch":57,"minecraft:dirt":255,"minecraft:anvil":1,"minecraft:spruce_fence":10,"minecraft:iron_hoe":186,"minecraft:dark_oak_planks":12,"simpleores:adamantium_axe":48,"minecraft:iron_axe":189,"minecraft:minecart":10,"tombstone:gift":2,"dynamictrees:dark_oak_seed":6,"minecraft:cobbled_deepslate":86,"minecraft:brown_bed":2,"minecraft:calcite":2,"minecraft:wheat_seeds":83,"minecraft:cooked_mutton":8,"minecraft:water_bucket":69,"minecraft:baked_potato":23,"minecraft:green_bed":13,"minecraft:polished_blackstone_bricks":2,"minecraft:rail":89,"justhammers:diamond_hammer":34,"minecraft:crafting_table":13,"minecraft:red_bed":1,"minecraft:white_bed":3,"minecraft:campfire":1,"minecraft:cake":3,"minecraft:diamond_pickaxe":877,"minecraft:black_wool":1,"minecraft:cracked_polished_blackstone_bricks":20,"minecraft:spruce_trapdoor":21,"minecraft:cobblestone":221,"minecraft:cooked_porkchop":2,"minecraft:bucket":70,"minecraft:glass_pane":160,"minecraft:pumpkin_pie":3},"minecraft:mined":{"minecraft:dark_oak_planks":3,"minecraft:spruce_planks":15,"minecraft:white_bed":2,"minecraft:farmland":11,"minecraft:red_nether_bricks":2,"minecraft:carved_pumpkin":1,"minecraft:spruce_trapdoor":15,"minecraft:grass_block":129,"gobber2:gobber2_lucky_block":4,"iceandfire:lectern":5,"minecraft:coal_block":30,"minecraft:composter":1,"minecraft:spawner":5,"minecraft:polished_blackstone_bricks":6,"minecraft:tall_seagrass":1,"minecraft:cobbled_deepslate":6,"minecraft:iron_ore":39,"minecraft:fire":14,"minecraft:barrel":4,"minecraft:pumpkin":30,"minecraft:deepslate_lapis_ore":8,"minecraft:anvil":1,"minecraft:azure_bluet":1,"minecraft:dark_oak_stairs":2,"minecraft:brown_bed":2,"minecraft:dirt_path":14,"simpleores:tin_ore":2,"minecraft:blue_orchid":10,"minecraft:spruce_slab":8,"minecraft:green_bed":17,"minecraft:deepslate_redstone_ore":24,"minecraft:red_bed":2,"minecraft:cyan_terracotta":2,"minecraft:torch":13,"minecraft:blast_furnace":21,"minecraft:calcite":2,"minecraft:chest":2,"minecraft:nether_quartz_ore":20,"minecraft:cobblestone":26,"minecraft:cyan_bed":4,"minecraft:grindstone":1,"minecraft:damaged_anvil":1,"minecraft:wall_torch":10,"minecraft:birch_log":2,"minecraft:wheat":34,"paraglider:kakariko_goddess_statue":2,"minecraft:pumpkin_stem":13,"minecraft:birch_door":1,"minecraft:grass":14,"minecraft:oak_log":1,"minecraft:sand":113,"minecraft:dirt":116,"minecraft:tripwire_hook":3,"minecraft:dispenser":1,"minecraft:stonecutter":1,"minecraft:netherrack":153,"minecraft:oak_leaves":12,"minecraft:deepslate":86,"minecraft:tuff":1,"minecraft:deepslate_diamond_ore":8,"minecraft:red_stained_glass":2,"minecraft:dark_oak_log":1,"minecraft:spruce_fence":27,"minecraft:spruce_leaves":7,"simpleores:deepslate_adamantium_ore":40,"minecraft:large_fern":8,"minecraft:hay_block":12,"minecraft:furnace":16,"minecraft:carrots":30,"minecraft:andesite":2,"minecraft:stripped_spruce_log":12,"minecraft:bell":4,"minecraft:bookshelf":57,"minecraft:potatoes":2,"minecraft:deepslate_iron_ore":11,"minecraft:rail":6,"minecraft:stone":229,"minecraft:smithing_table":1,"minecraft:glass_pane":24,"minecraft:spruce_door":1,"minecraft:crafting_table":10,"minecraft:campfire":16,"minecraft:stone_slab":2,"minecraft:tall_grass":35,"minecraft:deepslate_gold_ore":60,"minecraft:diorite":16,"minecraft:coarse_dirt":5,"simpleores:deepslate_mythril_ore":28,"minecraft:spruce_log":5,"minecraft:birch_leaves":11,"minecraft:coal_ore":109,"minecraft:sunflower":1,"minecraft:gravel":1,"minecraft:fern":4},"minecraft:killed":{"minecraft:spider":2,"minecraft:skeleton":28,"minecraft:chicken":4,"minecraft:pig":2,"minecraft:creeper":5,"minecraft:sheep":8,"minecraft:zombie":23,"alexsmobs:terrapin":1,"minecraft:cow":2,"alexsmobs:bison":1,"minecraft:villager":1},"minecraft:broken":{"minecraft:iron_shovel":1},"minecraft:killed_by":{"minecraft:creeper":1},"minecraft:custom":{"minecraft:interact_with_crafting_table":65,"minecraft:open_barrel":13,"goblintraders:trade_with_goblin":26,"minecraft:bell_ring":32,"minecraft:eat_cake_slice":10,"minecraft:leave_game":3,"minecraft:time_since_death":158263,"minecraft:sprint_one_cm":572466,"minecraft:damage_blocked_by_shield":90,"minecraft:drop":206,"tombstone:eaten_lollipop":3,"minecraft:talked_to_villager":2,"minecraft:play_time":183614,"minecraft:deaths":1,"minecraft:jump":2888,"minecraft:walk_on_water_one_cm":23399,"minecraft:interact_with_furnace":38,"minecraft:sleep_in_bed":5,"minecraft:damage_dealt":12524,"minecraft:crouch_one_cm":125524,"tombstone:undead_killed":51,"tombstone:villager_killed":1,"minecraft:interact_with_smoker":1,"minecraft:inspect_dispenser":3,"minecraft:mob_kills":78,"minecraft:interact_with_campfire":8,"minecraft:climb_one_cm":5205,"minecraft:walk_one_cm":276357,"minecraft:sneak_time":34569,"minecraft:walk_under_water_one_cm":6367,"minecraft:interact_with_blast_furnace":23,"minecraft:total_world_time":183614,"minecraft:interact_with_grindstone":1,"minecraft:time_since_rest":21223,"minecraft:damage_taken":2729,"minecraft:swim_one_cm":16515,"minecraft:fly_one_cm":460251,"minecraft:open_chest":96,"minecraft:fall_one_cm":97613}},"DataVersion":3465}