{"stats":{"minecraft:used":{"minecraft:netherrack":99,"minecraft:polished_blackstone_bricks":2,"minecraft:diamond_pickaxe":146,"minecraft:cooked_porkchop":1},"minecraft:dropped":{"minecraft:golden_boots":1,"minecraft:bone_block":4,"minecraft:polished_blackstone_bricks":4},"minecraft:mined":{"minecraft:polished_blackstone_bricks":6,"minecraft:nether_quartz_ore":20,"minecraft:fire":1,"minecraft:netherrack":118},"minecraft:picked_up":{"minecraft:quartz":19,"minecraft:polished_blackstone_bricks":6,"minecraft:netherrack":109},"minecraft:custom":{"minecraft:time_since_rest":7436,"minecraft:open_chest":5,"minecraft:crouch_one_cm":11880,"minecraft:sprint_one_cm":12366,"minecraft:play_time":7436,"minecraft:damage_taken":30,"minecraft:walk_one_cm":10739,"minecraft:sneak_time":2444,"minecraft:drop":6,"minecraft:jump":76,"minecraft:leave_game":2,"minecraft:time_since_death":7436,"minecraft:total_world_time":7436,"minecraft:fall_one_cm":1753,"minecraft:fly_one_cm":4986}},"DataVersion":3465}