{"stats":{"minecraft:used":{"minecraft:iron_shovel":298,"minecraft:flint_and_steel":9,"minecraft:spruce_slab":10,"minecraft:spruce_planks":5,"minecraft:chest":4,"minecraft:iron_sword":48,"minecraft:netherrack":161,"minecraft:torch":14,"minecraft:dirt":171,"minecraft:carrot":9,"minecraft:spruce_fence":10,"minecraft:stripped_spruce_log":4,"minecraft:iron_hoe":178,"minecraft:dark_oak_planks":12,"minecraft:cyan_terracotta":2,"minecraft:iron_axe":86,"minecraft:item_frame":3,"spartanshields:iron_basic_shield":1,"minecraft:bow":9,"minecraft:furnace":10,"dynamictrees:dark_oak_seed":6,"minecraft:wheat_seeds":83,"minecraft:cooked_mutton":5,"minecraft:water_bucket":16,"minecraft:baked_potato":9,"minecraft:composter":3,"minecraft:polished_blackstone_bricks":2,"minecraft:sand":1,"minecraft:crafting_table":5,"minecraft:campfire":1,"minecraft:white_bed":3,"minecraft:diamond_pickaxe":454,"minecraft:black_wool":1,"minecraft:spruce_trapdoor":5,"minecraft:cobblestone":108,"minecraft:cooked_porkchop":2,"minecraft:bucket":15,"minecraft:glass_pane":107,"minecraft:pumpkin_pie":3,"minecraft:coarse_dirt":4,"minecraft:bone_meal":6,"minecraft:experience_bottle":5},"minecraft:dropped":{"minecraft:golden_boots":1,"minecraft:wheat_seeds":10,"minecraft:oak_log":1,"minecraft:crossbow":1,"minecraft:feather":9,"minecraft:coal":1,"minecraft:item_frame":2,"minecraft:emerald":1,"minecraft:dirt":3,"minecraft:diorite":16,"minecraft:torch":1,"minecraft:gold_nugget":2,"minecraft:bone_block":4,"gobber2:gobber2_goo":2,"minecraft:polished_blackstone_bricks":4,"minecraft:dark_oak_planks":1,"minecraft:birch_log":2,"minecraft:dandelion":1,"minecraft:white_tulip":1,"alexsmobs:maggot":2,"minecraft:rotten_flesh":16,"gobber2:gobber2_gooey_beefstew":1,"minecraft:spruce_fence":8,"minecraft:glass_pane":2,"minecraft:pumpkin_seeds":8,"simpleores:raw_tin":2,"minecraft:gunpowder":6,"minecraft:spruce_planks":1,"minecraft:diamond_pickaxe":1,"minecraft:carved_pumpkin":1,"minecraft:stone_pressure_plate":1,"minecraft:painting":4,"minecraft:spruce_slab":2,"minecraft:blue_orchid":10,"minecraft:scaffolding":3},"minecraft:killed":{"minecraft:skeleton":1,"minecraft:chicken":4,"alexsmobs:bison":1,"minecraft:creeper":2,"minecraft:sheep":4,"minecraft:zombie":7,"alexsmobs:terrapin":1,"minecraft:cow":2},"minecraft:crafted":{"minecraft:coal":36,"minecraft:cooked_chicken":6,"minecraft:furnace":1,"minecraft:bone_meal":6,"minecraft:glass_pane":288,"minecraft:glass":112,"minecraft:iron_hoe":1,"minecraft:spruce_slab":24,"minecraft:chest":4,"minecraft:dark_oak_planks":20,"minecraft:crafting_table":2,"minecraft:spruce_planks":128,"minecraft:baked_potato":48,"minecraft:campfire":1,"minecraft:air":0,"minecraft:spruce_trapdoor":4,"minecraft:stick":4,"minecraft:iron_shovel":2,"minecraft:white_bed":1,"minecraft:composter":2},"minecraft:mined":{"minecraft:spruce_planks":1,"minecraft:white_bed":2,"minecraft:farmland":11,"minecraft:red_stained_glass":2,"minecraft:dark_oak_log":1,"minecraft:carved_pumpkin":1,"minecraft:spruce_trapdoor":1,"minecraft:spruce_fence":24,"minecraft:grass_block":122,"gobber2:gobber2_lucky_block":3,"minecraft:coal_block":27,"minecraft:spruce_leaves":3,"minecraft:composter":1,"minecraft:tall_seagrass":1,"minecraft:large_fern":4,"minecraft:hay_block":4,"minecraft:polished_blackstone_bricks":6,"minecraft:furnace":11,"minecraft:carrots":2,"minecraft:iron_ore":34,"minecraft:fire":9,"minecraft:stripped_spruce_log":6,"minecraft:pumpkin":30,"minecraft:brown_bed":2,"minecraft:potatoes":2,"minecraft:dirt_path":3,"minecraft:blue_orchid":10,"simpleores:tin_ore":2,"minecraft:stone":117,"minecraft:spruce_slab":6,"minecraft:green_bed":9,"minecraft:glass_pane":11,"minecraft:cyan_terracotta":2,"minecraft:crafting_table":3,"minecraft:torch":2,"minecraft:blast_furnace":1,"minecraft:nether_quartz_ore":20,"minecraft:tall_grass":17,"minecraft:cobblestone":5,"minecraft:grindstone":1,"minecraft:diorite":16,"minecraft:wall_torch":2,"minecraft:coarse_dirt":4,"minecraft:birch_log":2,"minecraft:wheat":34,"paraglider:kakariko_goddess_statue":2,"minecraft:birch_leaves":11,"minecraft:pumpkin_stem":13,"minecraft:grass":10,"minecraft:coal_ore":31,"minecraft:oak_log":1,"minecraft:gravel":1,"minecraft:sand":113,"minecraft:dirt":54,"minecraft:netherrack":153,"minecraft:oak_leaves":12,"minecraft:fern":2},"minecraft:killed_by":{"minecraft:creeper":1},"minecraft:broken":{"minecraft:iron_shovel":1},"minecraft:custom":{"minecraft:mob_kills":22,"minecraft:interact_with_crafting_table":19,"minecraft:interact_with_campfire":8,"minecraft:leave_game":2,"minecraft:time_since_death":54085,"minecraft:climb_one_cm":2088,"minecraft:sprint_one_cm":234388,"minecraft:walk_one_cm":100353,"minecraft:damage_blocked_by_shield":30,"minecraft:drop":105,"minecraft:talked_to_villager":2,"minecraft:play_time":79436,"minecraft:deaths":1,"minecraft:sneak_time":17390,"minecraft:walk_under_water_one_cm":5068,"minecraft:jump":1272,"minecraft:walk_on_water_one_cm":5849,"minecraft:total_world_time":79436,"minecraft:interact_with_furnace":36,"minecraft:interact_with_grindstone":1,"minecraft:sleep_in_bed":4,"minecraft:time_since_rest":26003,"minecraft:damage_taken":1002,"minecraft:damage_dealt":2630,"minecraft:swim_one_cm":14697,"minecraft:fly_one_cm":223612,"minecraft:open_chest":50,"minecraft:crouch_one_cm":71672,"tombstone:undead_killed":8,"minecraft:interact_with_smoker":1,"minecraft:fall_one_cm":37625},"minecraft:picked_up":{"minecraft:coarse_dirt":4,"minecraft:crafting_table":3,"minecraft:wheat":32,"minecraft:chicken":6,"minecraft:brown_bed":2,"minecraft:item_frame":5,"minecraft:experience_bottle":5,"minecraft:blue_orchid":10,"dynamictrees:dark_oak_seed":6,"minecraft:spruce_planks":2,"minecraft:beef":10,"minecraft:white_tulip":1,"simpleores:raw_tin":2,"minecraft:spruce_slab":6,"minecraft:coal_block":25,"minecraft:spruce_trapdoor":1,"minecraft:furnace":11,"minecraft:raw_iron":34,"minecraft:stick":18,"minecraft:composter":1,"minecraft:torch":17,"minecraft:green_bed":9,"paraglider:kakariko_goddess_statue":2,"minecraft:spruce_fence":24,"minecraft:polished_blackstone_bricks":6,"tombstone:grave_dust":2,"minecraft:diorite":16,"minecraft:carrot":9,"minecraft:stone_pressure_plate":1,"minecraft:arrow":2,"minecraft:rotten_flesh":16,"minecraft:hay_block":4,"minecraft:carved_pumpkin":1,"minecraft:cyan_terracotta":2,"minecraft:mutton":8,"minecraft:white_wool":3,"minecraft:cobblestone":115,"minecraft:birch_log":2,"minecraft:feather":9,"gobber2:gobber2_gooey_beefstew":1,"minecraft:leather":3,"minecraft:potato":2,"minecraft:oak_log":1,"minecraft:gunpowder":6,"minecraft:dirt":178,"minecraft:cooked_mutton":8,"minecraft:bone":2,"minecraft:wheat_seeds":95,"minecraft:grindstone":1,"minecraft:scaffolding":3,"minecraft:pumpkin":30,"minecraft:quartz":19,"minecraft:dandelion":1,"minecraft:gravel":2,"minecraft:sand":113,"minecraft:stripped_spruce_log":6,"minecraft:blast_furnace":1,"minecraft:white_bed":2,"minecraft:dark_oak_log":68,"minecraft:pumpkin_seeds":8,"minecraft:painting":4,"minecraft:emerald":1,"alexsmobs:maggot":2,"minecraft:black_wool":1,"minecraft:netherrack":134,"gobber2:gobber2_goo":2,"minecraft:coal":54,"minecraft:diamond_pickaxe":1}},"DataVersion":3465}