{"stats":{"minecraft:used":{"minecraft:dispenser":2,"minecraft:spruce_slab":31,"minecraft:ladder":3,"minecraft:chest":43,"minecraft:stone":140,"minecraft:stripped_spruce_log":4,"minecraft:lava_bucket":2,"born_in_chaos_v1:mint_candy":1,"minecraft:dark_oak_slab":1,"minecraft:stone_brick_stairs":3,"gobber2:gobber2_hammer":66,"minecraft:bow":9,"minecraft:furnace":10,"gobber2:gobber2_ore_deepslate":2,"minecraft:powered_rail":2,"minecraft:blackstone":126,"minecraft:composter":6,"minecraft:sand":1,"minecraft:blast_furnace":12,"minecraft:deepslate_iron_ore":14,"minecraft:smithing_table":2,"minecraft:enchanting_table":2,"minecraft:armor_stand":3,"born_in_chaos_v1:chocolate_heart":1,"minecraft:netherrack":202,"minecraft:torch":138,"minecraft:anvil":2,"minecraft:iron_axe":189,"minecraft:basalt":1,"minecraft:tripwire_hook":12,"tombstone:gift":2,"dynamictrees:dark_oak_seed":6,"minecraft:cobbled_deepslate":101,"minecraft:calcite":2,"minecraft:wheat_seeds":83,"born_in_chaos_v1:mint_ice_cream":1,"minecraft:water_bucket":169,"gobber2:gobber2_bow":16,"minecraft:fletching_table":13,"minecraft:polished_blackstone_bricks":24,"minecraft:gilded_blackstone":1,"minecraft:rail":115,"minecraft:crafting_table":16,"justhammers:diamond_hammer":906,"minecraft:red_bed":2,"minecraft:campfire":1,"minecraft:white_bed":4,"minecraft:cake":3,"minecraft:spruce_log":11,"simpleores:deepslate_mythril_ore":12,"minecraft:diamond_pickaxe":1288,"minecraft:spruce_trapdoor":57,"minecraft:spruce_sapling":28,"minecraft:cobblestone":287,"minecraft:cooked_porkchop":2,"minecraft:glass_pane":161,"minecraft:iron_shovel":339,"simpleores:mythril_pickaxe":52,"gobber2:gobber2_gooey_bread":4,"minecraft:iron_sword":161,"minecraft:zombie_spawn_egg":3,"tombstone:lollipop":4,"minecraft:bell":4,"minecraft:carrot":195,"minecraft:tuff":3,"minecraft:obsidian":10,"minecraft:glass":3,"minecraft:cyan_terracotta":2,"born_in_chaos_v1:caramel_pepper":1,"minecraft:stone_bricks":355,"minecraft:item_frame":3,"minecraft:deepslate_diamond_ore":32,"spartanshields:iron_basic_shield":3,"simpleores:adamantium_sword":308,"minecraft:gold_block":4,"minecraft:mushroom_stew":3,"minecraft:deepslate_redstone_ore":15,"minecraft:stone_brick_wall":92,"minecraft:deepslate_lapis_ore":7,"minecraft:redstone_torch":1,"minecraft:lever":7,"sophisticatedbackpacks:backpack":2,"minecraft:cyan_bed":2,"minecraft:bread":24,"minecraft:string":98,"paraglider:kakariko_goddess_statue":2,"minecraft:deepslate":426,"minecraft:gravel":110,"minecraft:grindstone":3,"minecraft:andesite":77,"minecraft:mossy_cobblestone_wall":2,"minecraft:coarse_dirt":26,"minecraft:bone_meal":65,"minecraft:experience_bottle":6,"simpleores:adamantium_pickaxe":492,"minecraft:flint_and_steel":12,"simpleores:adamantium_shovel":1069,"minecraft:spruce_planks":233,"minecraft:deepslate_gold_ore":21,"minecraft:cooked_chicken":6,"minecraft:dirt":489,"minecraft:hopper":22,"minecraft:spruce_fence":10,"minecraft:iron_hoe":186,"minecraft:dark_oak_planks":12,"minecraft:bookshelf":30,"simpleores:adamantium_axe":708,"minecraft:polished_blackstone_brick_stairs":1,"gobber2:gobber2_sword":72,"minecraft:minecart":10,"minecraft:cooked_beef":13,"minecraft:brown_bed":2,"minecraft:cooked_mutton":8,"minecraft:baked_potato":49,"minecraft:spruce_sign":6,"minecraft:green_bed":19,"simpleores:adamantium_shears":28,"minecraft:black_wool":1,"minecraft:cracked_polished_blackstone_bricks":20,"minecraft:lapis_ore":2,"simpleores:deepslate_adamantium_ore":20,"minecraft:white_banner":1,"minecraft:bucket":173,"minecraft:pumpkin_pie":19},"minecraft:killed_by":{"minecraft:creeper":1},"minecraft:custom":{"minecraft:interact_with_crafting_table":130,"minecraft:open_barrel":13,"goblintraders:trade_with_goblin":26,"minecraft:bell_ring":33,"minecraft:eat_cake_slice":10,"minecraft:leave_game":7,"minecraft:time_since_death":413897,"minecraft:damage_blocked_by_shield":90,"tombstone:eaten_lollipop":4,"minecraft:play_time":439248,"minecraft:deaths":1,"minecraft:jump":6787,"minecraft:enchant_item":29,"minecraft:interact_with_furnace":50,"minecraft:traded_with_villager":64,"minecraft:sleep_in_bed":7,"minecraft:damage_dealt":38227,"tombstone:undead_killed":92,"minecraft:interact_with_smoker":1,"minecraft:inspect_dispenser":8,"minecraft:interact_with_smithing_table":2,"minecraft:interact_with_anvil":10,"minecraft:inspect_hopper":6,"minecraft:damage_dealt_absorbed":52,"minecraft:sneak_time":67012,"minecraft:interact_with_blast_furnace":89,"minecraft:total_world_time":439248,"tombstone:raider_killed":9,"minecraft:time_since_rest":56080,"minecraft:swim_one_cm":40047,"minecraft:fly_one_cm":1109451,"minecraft:open_chest":372,"minecraft:fall_one_cm":167168,"minecraft:sprint_one_cm":1304161,"minecraft:drop":518,"minecraft:talked_to_villager":52,"minecraft:walk_on_water_one_cm":98454,"minecraft:crouch_one_cm":238450,"tombstone:villager_killed":1,"minecraft:mob_kills":193,"minecraft:interact_with_campfire":8,"minecraft:damage_dealt_resisted":12,"minecraft:climb_one_cm":6346,"minecraft:walk_one_cm":702716,"minecraft:walk_under_water_one_cm":18398,"minecraft:interact_with_grindstone":10,"minecraft:damage_taken":5350},"minecraft:dropped":{"minecraft:iron_sword":1,"minecraft:porkchop":3,"minecraft:crafting_table":1,"gobber2:gobber2_sword":1,"minecraft:crossbow":1,"minecraft:glow_berries":4,"minecraft:warped_roots":2,"minecraft:brown_banner":2,"simpleores:tin_ore":4,"minecraft:rail":8,"minecraft:item_frame":8,"minecraft:emerald":2,"born_in_chaos_v1:monster_flesh":1,"minecraft:dirt":72,"minecraft:grass":5,"minecraft:gold_nugget":2,"minecraft:bone_meal":1,"minecraft:bone_block":4,"gobber2:gobber2_goo":5,"minecraft:dark_oak_planks":12,"minecraft:white_wool":2,"minecraft:cyan_carpet":1,"minecraft:bone":10,"tombstone:lollipop":1,"minecraft:lever":1,"minecraft:cobbled_deepslate":24,"minecraft:wheat":1,"tombstone:gift":1,"minecraft:rotten_flesh":60,"gobber2:gobber2_gooey_beefstew":1,"minecraft:azure_bluet":1,"minecraft:deepslate_copper_ore":2,"minecraft:leather_boots":1,"minecraft:painting":4,"minecraft:spruce_slab":18,"minecraft:red_nether_bricks":2,"minecraft:crying_obsidian":5,"minecraft:stone_brick_stairs":8,"minecraft:enchanted_book":3,"minecraft:golden_boots":2,"minecraft:chiseled_nether_bricks":1,"minecraft:wheat_seeds":32,"minecraft:deepslate_redstone_ore":2,"minecraft:tnt":9,"minecraft:feather":9,"minecraft:iron_helmet":1,"minecraft:cobblestone":31,"minecraft:book":1,"simpleores:adamantium_shears":2,"minecraft:spruce_door":1,"spartanshields:iron_basic_shield":2,"minecraft:coal":1,"minecraft:mushroom_stew":8,"minecraft:pufferfish":1,"minecraft:gray_wool":1,"minecraft:potion":1,"minecraft:iron_shovel":1,"minecraft:string":14,"minecraft:trapped_chest":1,"minecraft:gray_carpet":7,"minecraft:beetroot_soup":1,"minecraft:spruce_sapling":7,"minecraft:stone_sword":1,"minecraft:bowl":2,"minecraft:deepslate":136,"gobber2:gobber2_gooey_beef":4,"minecraft:clay_ball":17,"minecraft:iron_boots":1,"minecraft:stone_slab":2,"minecraft:damaged_anvil":1,"minecraft:spruce_fence":17,"minecraft:pumpkin_seeds":8,"gobber2:gobber2_globette":11,"simpleores:raw_tin":28,"minecraft:stone":3,"minecraft:allium":3,"minecraft:spruce_trapdoor":3,"minecraft:spruce_planks":45,"minecraft:diamond_pickaxe":1,"minecraft:carved_pumpkin":1,"minecraft:barrel":4,"minecraft:stone_pressure_plate":3,"iceandfire:lectern":3,"minecraft:spider_eye":1,"born_in_chaos_v1:sweet_sword":1,"minecraft:stone_bricks":2,"minecraft:blue_orchid":10,"minecraft:bow":1,"minecraft:cyan_bed":2,"minecraft:dark_oak_stairs":2,"simpleores:adamantium_sword":1,"minecraft:oak_log":1,"minecraft:baked_potato":1,"minecraft:leather":3,"minecraft:mossy_cobblestone_wall":1,"minecraft:flint":4,"minecraft:cracked_polished_blackstone_bricks":9,"tombstone:bag_of_seeds":3,"minecraft:cornflower":3,"minecraft:mutton":6,"minecraft:gilded_blackstone":5,"minecraft:pumpkin_pie":16,"minecraft:amethyst_shard":1,"minecraft:polished_blackstone_bricks":16,"minecraft:birch_log":2,"gobber2:gobber2_gooey_bread":2,"minecraft:gravel":62,"minecraft:white_tulip":1,"minecraft:chiseled_polished_blackstone":1,"minecraft:blackstone":47,"born_in_chaos_v1:ethereal_spirit":3,"minecraft:beetroot":6,"minecraft:poppy":11,"minecraft:gunpowder":9,"born_in_chaos_v1:corpse_maggot":1,"minecraft:stone_brick_wall":13,"minecraft:chest":2,"minecraft:birch_door":1,"minecraft:arrow":4,"minecraft:scaffolding":3,"minecraft:quartz":16,"minecraft:netherrack":1,"minecraft:water_bucket":1,"justhammers:diamond_hammer":3,"minecraft:mossy_cobblestone":2,"minecraft:minecart":1,"minecraft:copper_ingot":1,"minecraft:spruce_stairs":1,"minecraft:stick":10,"simpleores:adamantium_axe":1,"minecraft:diorite":16,"minecraft:torch":2,"gobber2:gobber2_bow":1,"born_in_chaos_v1:fused_bone":2,"tombstone:grave_dust":12,"minecraft:fire_charge":13,"born_in_chaos_v1:coffee_candy":1,"minecraft:iron_leggings":1,"minecraft:iron_axe":1,"minecraft:tripwire_hook":7,"minecraft:dandelion":4,"minecraft:redstone":1,"alexsmobs:maggot":3,"minecraft:coarse_dirt":4,"minecraft:tuff":178,"iceandfire:silver_ore":2,"minecraft:glass_pane":2,"minecraft:copper_ore":1,"minecraft:iron_chestplate":1,"minecraft:andesite":146,"minecraft:oak_sapling":1,"minecraft:golden_sword":2,"gobber2:gobber2_hammer":1},"minecraft:picked_up":{"minecraft:birch_door":1,"minecraft:anvil":2,"minecraft:smithing_table":2,"minecraft:stone_slab":2,"minecraft:brown_bed":2,"minecraft:enchanted_book":3,"minecraft:golden_sword":2,"minecraft:polished_blackstone_brick_stairs":1,"minecraft:string":67,"minecraft:red_nether_bricks":2,"minecraft:beetroot_soup":1,"minecraft:pufferfish":1,"minecraft:beetroot":6,"gobber2:gobber2_ore_deepslate":107,"dynamictrees:dark_oak_seed":6,"minecraft:cobbled_deepslate":128,"minecraft:spruce_planks":71,"minecraft:coal_block":28,"minecraft:composter":1,"minecraft:green_bed":20,"iceandfire:silver_ore":2,"paraglider:kakariko_goddess_statue":3,"born_in_chaos_v1:coffee_candy":1,"epicpaladins:moonlight_gem":5,"minecraft:chiseled_nether_bricks":1,"minecraft:stone_sword":1,"born_in_chaos_v1:sweet_sword":1,"minecraft:carved_pumpkin":1,"minecraft:cyan_terracotta":2,"minecraft:bookshelf":15,"minecraft:white_terracotta":2,"minecraft:birch_log":2,"minecraft:feather":9,"spartanshields:iron_basic_shield":2,"minecraft:flint":59,"simpleores:raw_mythril":40,"gobber2:gobber2_globette":11,"born_in_chaos_v1:mint_candy":1,"minecraft:stripped_spruce_log":137,"minecraft:dark_oak_log":68,"minecraft:trapped_chest":1,"minecraft:barrel":4,"minecraft:dispenser":1,"minecraft:deepslate":3389,"iceandfire:lectern":3,"minecraft:lever":7,"minecraft:deepslate_gold_ore":28,"minecraft:bread":15,"alexsmobs:maggot":3,"gobber2:gobber2_sword":1,"simpleores:deepslate_mythril_ore":12,"minecraft:diamond_pickaxe":1,"minecraft:crafting_table":11,"minecraft:coarse_dirt":30,"minecraft:clay_ball":5,"minecraft:cornflower":3,"minecraft:red_bed":2,"minecraft:glass_pane":1,"simpleores:raw_adamantium":75,"minecraft:deepslate_diamond_ore":32,"minecraft:beef":15,"minecraft:poppy":17,"minecraft:spruce_slab":21,"minecraft:minecart":13,"minecraft:chest":32,"minecraft:copper_ore":1,"minecraft:stone":475,"sophisticatedbackpacks:backpack":2,"minecraft:spruce_fence":68,"minecraft:fire_charge":13,"minecraft:cake":1,"minecraft:carrot":105,"minecraft:redstone":173,"minecraft:tnt":9,"minecraft:hay_block":12,"minecraft:gold_ingot":40,"minecraft:mutton":14,"minecraft:glow_berries":4,"minecraft:white_wool":5,"minecraft:rail":50,"minecraft:lapis_ore":2,"born_in_chaos_v1:monster_flesh":3,"minecraft:tripwire_hook":17,"minecraft:oak_log":2,"minecraft:golden_boots":1,"minecraft:white_banner":1,"minecraft:stone_bricks":194,"tombstone:bag_of_seeds":3,"minecraft:dark_oak_stairs":2,"born_in_chaos_v1:ethereal_spirit":3,"minecraft:gravel":149,"minecraft:spruce_sapling":35,"minecraft:spruce_log":298,"minecraft:crying_obsidian":5,"justhammers:diamond_hammer":2,"minecraft:slime_ball":1,"minecraft:deepslate_redstone_ore":21,"minecraft:painting":5,"minecraft:gray_wool":1,"minecraft:warped_roots":2,"minecraft:baked_potato":1,"minecraft:brown_banner":2,"minecraft:hopper":19,"minecraft:wheat":32,"minecraft:potion":1,"minecraft:gilded_blackstone":6,"minecraft:stone_brick_stairs":7,"minecraft:deepslate_lapis_ore":7,"minecraft:experience_bottle":6,"born_in_chaos_v1:chocolate_heart":1,"minecraft:white_tulip":1,"simpleores:raw_tin":29,"minecraft:calcite":2,"minecraft:deepslate_iron_ore":14,"minecraft:furnace":16,"simpleores:adamantium_sword":1,"minecraft:stick":28,"simpleores:mythril_ingot":19,"minecraft:torch":86,"minecraft:spruce_stairs":71,"minecraft:porkchop":7,"simpleores:tin_ore":4,"tombstone:grave_dust":14,"minecraft:diorite":16,"born_in_chaos_v1:nightmare_claw":1,"tombstone:lollipop":5,"minecraft:rotten_flesh":60,"minecraft:deepslate_copper_ore":2,"minecraft:obsidian":31,"minecraft:cobblestone":679,"minecraft:enchanting_table":1,"minecraft:andesite":405,"born_in_chaos_v1:mint_ice_cream":1,"minecraft:potato":2,"gobber2:gobber2_glob":10,"paraglider:spirit_orb":12,"minecraft:tuff":244,"minecraft:lapis_lazuli":269,"minecraft:dirt":561,"gobber2:gobber2_ore_nether":12,"born_in_chaos_v1:monster_skin":3,"minecraft:leather_boots":2,"minecraft:bone":42,"minecraft:bow":3,"simpleores:deepslate_adamantium_ore":23,"gobber2:gobber2_gooey_beef":4,"minecraft:wheat_seeds":121,"minecraft:raw_gold":81,"minecraft:bell":4,"minecraft:grindstone":3,"minecraft:fletching_table":10,"gobber2:gobber2_gooey_bread":6,"minecraft:sand":113,"minecraft:cyan_bed":6,"minecraft:mossy_cobblestone":2,"born_in_chaos_v1:fire_dust":2,"minecraft:diamond":59,"minecraft:cracked_polished_blackstone_bricks":10,"minecraft:grass":5,"minecraft:bone_meal":1,"minecraft:golden_apple":1,"minecraft:spruce_sign":3,"minecraft:emerald":5,"minecraft:oak_sapling":1,"minecraft:netherrack":176,"gobber2:gobber2_goo":5,"minecraft:charcoal":56,"minecraft:allium":2,"minecraft:azure_bluet":2,"minecraft:chicken":6,"minecraft:stone_brick_wall":52,"minecraft:gold_block":2,"minecraft:item_frame":11,"minecraft:cyan_carpet":1,"minecraft:blackstone":313,"minecraft:blue_orchid":10,"minecraft:mossy_cobblestone_wall":4,"minecraft:spruce_trapdoor":51,"minecraft:raw_iron":134,"minecraft:copper_ingot":1,"minecraft:bowl":1,"minecraft:polished_blackstone_bricks":35,"minecraft:stone_pressure_plate":3,"minecraft:dark_oak_planks":2,"minecraft:arrow":41,"minecraft:pumpkin_pie":16,"born_in_chaos_v1:fused_bone":2,"born_in_chaos_v1:corpse_maggot":9,"minecraft:basalt":1,"minecraft:leather":6,"gobber2:gobber2_gooey_beefstew":1,"minecraft:mushroom_stew":7,"minecraft:gunpowder":9,"minecraft:cooked_mutton":8,"simpleores:adamantium_shears":2,"minecraft:gray_carpet":7,"minecraft:iron_ingot":72,"born_in_chaos_v1:caramel_pepper":1,"gobber2:gobber2_hammer":1,"minecraft:book":172,"minecraft:scaffolding":3,"minecraft:pumpkin":30,"minecraft:quartz":99,"minecraft:dandelion":4,"minecraft:amethyst_shard":1,"minecraft:blast_furnace":23,"minecraft:white_bed":3,"minecraft:spider_eye":4,"minecraft:spruce_door":2,"minecraft:pumpkin_seeds":8,"gobber2:gobber2_bow":1,"minecraft:damaged_anvil":1,"minecraft:black_wool":1,"minecraft:coal":192},"minecraft:broken":{"minecraft:iron_shovel":1,"simpleores:mythril_boots":1},"minecraft:killed":{"born_in_chaos_v1:restless_spirit":2,"minecraft:skeleton":36,"minecraft:chicken":4,"alexsmobs:laviathan":1,"minecraft:iron_golem":6,"minecraft:pillager":2,"minecraft:zombie":48,"born_in_chaos_v1:corpse_fly":5,"takesapillage:archer":3,"minecraft:cow":6,"minecraft:vindicator":1,"born_in_chaos_v1:firelight":1,"born_in_chaos_v1:decrepit_skeleton":1,"born_in_chaos_v1:zombie_clown":1,"minecraft:spider":9,"minecraft:piglin_brute":2,"minecraft:piglin":17,"minecraft:pig":2,"born_in_chaos_v1:senor_pumpkin":1,"minecraft:creeper":6,"alexsmobs:crimson_mosquito":2,"minecraft:sheep":8,"born_in_chaos_v1:dread_hound":2,"alexsmobs:terrapin":2,"minecraft:ghast":1,"alexsmobs:fly":1,"takesapillage:legioner":2,"born_in_chaos_v1:zombie_bruiser":1,"born_in_chaos_v1:maggot":4,"born_in_chaos_v1:baby_spider":1,"takesapillage:clay_golem":1,"alexsmobs:bison":1,"minecraft:drowned":3,"born_in_chaos_v1:corpse_fish":2,"born_in_chaos_v1:swarmer":1,"takesapillage:skirmisher":1,"minecraft:hoglin":1,"born_in_chaos_v1:decaying_zombie":1,"born_in_chaos_v1:nightmare_stalker":1,"minecraft:villager":1},"minecraft:mined":{"minecraft:dark_oak_planks":3,"minecraft:white_bed":3,"minecraft:red_nether_bricks":2,"minecraft:carved_pumpkin":1,"minecraft:obsidian":1,"minecraft:stone_brick_wall":38,"minecraft:coal_block":30,"minecraft:hopper":19,"minecraft:spawner":6,"minecraft:polished_blackstone_bricks":9,"minecraft:weeping_vines_plant":3,"minecraft:tall_seagrass":1,"epicpaladins:moonlight_ore":4,"minecraft:fire":22,"minecraft:cobbled_deepslate":6,"minecraft:barrel":4,"gobber2:gobber2_ore_nether":11,"minecraft:pumpkin":30,"minecraft:fletching_table":10,"minecraft:deepslate_lapis_ore":28,"minecraft:enchanting_table":1,"minecraft:dirt_path":42,"simpleores:tin_ore":19,"minecraft:blue_orchid":10,"minecraft:tripwire":45,"minecraft:red_bed":2,"minecraft:crimson_nylium":2,"minecraft:torch":39,"minecraft:blast_furnace":23,"minecraft:spruce_wall_sign":1,"minecraft:cyan_bed":4,"minecraft:damaged_anvil":1,"minecraft:white_terracotta":2,"minecraft:wheat":34,"minecraft:pumpkin_stem":13,"minecraft:birch_door":1,"minecraft:stone_brick_stairs":3,"minecraft:grass":39,"minecraft:stonecutter":1,"minecraft:deepslate":144,"minecraft:dark_oak_log":1,"minecraft:spruce_fence":68,"minecraft:andesite":93,"minecraft:potatoes":2,"minecraft:rail":37,"minecraft:smithing_table":2,"minecraft:glass_pane":25,"minecraft:warped_roots":1,"minecraft:campfire":16,"minecraft:tall_grass":50,"minecraft:deepslate_gold_ore":103,"minecraft:diorite":16,"minecraft:coarse_dirt":30,"minecraft:trapped_chest":1,"minecraft:spruce_log":299,"minecraft:birch_leaves":11,"minecraft:sunflower":1,"minecraft:gravel":205,"minecraft:stone_bricks":193,"minecraft:fern":8,"minecraft:spruce_planks":43,"minecraft:farmland":11,"minecraft:spruce_trapdoor":48,"minecraft:grass_block":266,"gobber2:gobber2_ore_deepslate":84,"gobber2:gobber2_lucky_block":4,"minecraft:cracked_polished_blackstone_bricks":2,"iceandfire:lectern":5,"minecraft:composter":1,"minecraft:iron_ore":54,"minecraft:anvil":2,"minecraft:azure_bluet":1,"minecraft:dark_oak_stairs":2,"minecraft:brown_bed":2,"minecraft:spruce_slab":21,"minecraft:green_bed":20,"minecraft:deepslate_redstone_ore":50,"minecraft:cyan_terracotta":2,"minecraft:blackstone":18,"minecraft:calcite":2,"minecraft:mossy_cobblestone_wall":4,"minecraft:chest":32,"minecraft:nether_quartz_ore":29,"minecraft:cobblestone":54,"minecraft:grindstone":3,"minecraft:wall_torch":13,"minecraft:birch_log":2,"paraglider:kakariko_goddess_statue":3,"minecraft:brown_wall_banner":1,"minecraft:tnt":9,"minecraft:oak_log":2,"minecraft:sand":113,"minecraft:dirt":239,"minecraft:tripwire_hook":11,"minecraft:dispenser":1,"minecraft:netherrack":163,"minecraft:oak_leaves":19,"minecraft:tuff":12,"minecraft:deepslate_diamond_ore":53,"minecraft:red_stained_glass":2,"minecraft:spruce_leaves":66,"simpleores:deepslate_adamantium_ore":80,"minecraft:large_fern":14,"minecraft:hay_block":12,"minecraft:furnace":16,"minecraft:carrots":30,"minecraft:stripped_spruce_log":139,"minecraft:bell":4,"minecraft:gold_block":1,"minecraft:bookshelf":72,"minecraft:deepslate_iron_ore":41,"minecraft:stone":324,"sophisticatedbackpacks:backpack":1,"minecraft:podzol":3,"minecraft:spruce_door":1,"minecraft:crafting_table":12,"minecraft:stone_slab":2,"biomesoplenty:sprout":3,"minecraft:lapis_ore":6,"minecraft:spruce_stairs":71,"simpleores:deepslate_mythril_ore":50,"minecraft:coal_ore":138},"minecraft:crafted":{"minecraft:smooth_stone":10,"spartanshields:wooden_tower_shield":1,"minecraft:lever":2,"minecraft:bookshelf":15,"minecraft:glass":112,"epicpaladins:steel_ingot":6,"minecraft:emerald":64,"gobber2:gobber2_ingot":60,"gobber2:gobber2_glob_nether":7,"gobber2:gobber2_hammer":1,"gobber2:gobber2_rod":6,"simpleores:adamantium_ingot":69,"minecraft:fletching_table":3,"minecraft:campfire":1,"minecraft:stone_brick_stairs":4,"minecraft:gold_ingot":60,"minecraft:composter":5,"minecraft:smooth_stone_slab":18,"simpleores:adamantium_shears":1,"minecraft:bone_meal":69,"gobber2:gobber2_helmet":2,"gobber2:gobber2_glob":95,"simpleores:mythril_helmet":1,"minecraft:ladder":3,"minecraft:spruce_slab":42,"gobber2:gobber2_boots":1,"minecraft:dark_oak_planks":144,"minecraft:enchanting_table":1,"gobber2:gobber2_bow":1,"minecraft:iron_shovel":2,"minecraft:armor_stand":3,"minecraft:white_bed":1,"minecraft:oak_planks":4,"gobber2:gobber2_leggings":1,"minecraft:cooked_chicken":6,"gobber2:gobber2_chestplate":1,"minecraft:hopper":7,"minecraft:bow":1,"justhammers:diamond_hammer":1,"minecraft:chest":28,"simpleores:adamantium_shovel":1,"minecraft:rail":96,"minecraft:stone_bricks":232,"simpleores:mythril_rod":2,"simpleores:mythril_boots":1,"simpleores:adamantium_sword":1,"minecraft:crafting_table":6,"minecraft:spruce_planks":1740,"minecraft:baked_potato":84,"minecraft:dispenser":1,"simpleores:adamantium_leggings":1,"minecraft:spruce_trapdoor":20,"minecraft:dark_oak_slab":36,"minecraft:stick":2380,"minecraft:iron_ingot":90,"minecraft:redstone_torch":1,"minecraft:coal":37,"minecraft:stone_brick_wall":54,"minecraft:tripwire_hook":2,"minecraft:furnace":1,"minecraft:glass_pane":288,"simpleores:adamantium_axe":2,"minecraft:iron_hoe":1,"simpleores:adamantium_pickaxe":1,"minecraft:netherite_scrap":2,"spartanshields:steel_tower_shield":1,"minecraft:minecart":4,"minecraft:cooked_beef":13,"gobber2:gobber2_sword":1,"simpleores:mythril_pickaxe":1,"minecraft:spruce_sign":3,"minecraft:powered_rail":6,"minecraft:bucket":2,"minecraft:air":0,"simpleores:mythril_ingot":21,"minecraft:torch":72,"minecraft:diamond_chestplate":1}},"DataVersion":3465}