{"stats":{"minecraft:used":{"minecraft:flint_and_steel":9,"minecraft:iron_sword":36,"minecraft:netherrack":161,"minecraft:torch":1,"minecraft:stripped_spruce_log":4,"minecraft:dark_oak_planks":12,"minecraft:cyan_terracotta":2,"minecraft:iron_axe":41,"minecraft:item_frame":3,"spartanshields:iron_basic_shield":1,"minecraft:bow":3,"minecraft:furnace":1,"dynamictrees:dark_oak_seed":6,"minecraft:wheat_seeds":83,"minecraft:cooked_mutton":5,"minecraft:water_bucket":5,"minecraft:baked_potato":5,"minecraft:polished_blackstone_bricks":2,"minecraft:crafting_table":4,"minecraft:campfire":1,"minecraft:white_bed":2,"minecraft:diamond_pickaxe":436,"minecraft:black_wool":1,"minecraft:cobblestone":88,"minecraft:cooked_porkchop":2,"minecraft:bucket":5,"minecraft:pumpkin_pie":3,"minecraft:experience_bottle":5},"minecraft:dropped":{"minecraft:golden_boots":1,"minecraft:oak_log":1,"minecraft:crossbow":1,"minecraft:feather":9,"minecraft:coal":1,"minecraft:item_frame":2,"minecraft:emerald":1,"minecraft:dirt":3,"minecraft:diorite":16,"minecraft:torch":1,"minecraft:gold_nugget":2,"minecraft:bone_block":4,"gobber2:gobber2_goo":2,"minecraft:polished_blackstone_bricks":4,"minecraft:dark_oak_planks":1,"minecraft:birch_log":2,"minecraft:white_tulip":1,"alexsmobs:maggot":2,"minecraft:rotten_flesh":10,"gobber2:gobber2_gooey_beefstew":1,"minecraft:pumpkin_seeds":8,"simpleores:raw_tin":2,"minecraft:gunpowder":4,"minecraft:diamond_pickaxe":1,"minecraft:carved_pumpkin":1,"minecraft:stone_pressure_plate":1,"minecraft:painting":4,"minecraft:scaffolding":3},"minecraft:killed":{"minecraft:skeleton":1,"minecraft:chicken":4,"minecraft:creeper":1,"minecraft:sheep":4,"minecraft:zombie":5,"minecraft:cow":2},"minecraft:crafted":{"minecraft:cooked_chicken":6,"minecraft:furnace":1,"minecraft:dark_oak_planks":20,"minecraft:crafting_table":1,"minecraft:spruce_planks":56,"minecraft:baked_potato":19,"minecraft:campfire":1,"minecraft:air":0,"minecraft:white_bed":1},"minecraft:mined":{"minecraft:white_bed":1,"minecraft:red_stained_glass":2,"minecraft:dark_oak_log":1,"minecraft:carved_pumpkin":1,"minecraft:grass_block":5,"gobber2:gobber2_lucky_block":3,"minecraft:coal_block":27,"minecraft:spruce_leaves":3,"minecraft:hay_block":4,"minecraft:polished_blackstone_bricks":6,"minecraft:furnace":7,"minecraft:iron_ore":34,"minecraft:fire":9,"minecraft:stripped_spruce_log":6,"minecraft:pumpkin":20,"minecraft:brown_bed":2,"minecraft:potatoes":2,"simpleores:tin_ore":2,"minecraft:stone":116,"minecraft:green_bed":9,"minecraft:cyan_terracotta":2,"minecraft:crafting_table":3,"minecraft:torch":1,"minecraft:blast_furnace":1,"minecraft:nether_quartz_ore":20,"minecraft:tall_grass":8,"minecraft:cobblestone":5,"minecraft:grindstone":1,"minecraft:diorite":16,"minecraft:wall_torch":1,"minecraft:birch_log":2,"minecraft:wheat":34,"minecraft:birch_leaves":11,"minecraft:pumpkin_stem":13,"minecraft:grass":6,"minecraft:coal_ore":31,"minecraft:oak_log":1,"minecraft:gravel":1,"minecraft:netherrack":153,"minecraft:oak_leaves":12,"minecraft:fern":2},"minecraft:killed_by":{"minecraft:creeper":1},"minecraft:custom":{"minecraft:mob_kills":17,"minecraft:interact_with_crafting_table":8,"minecraft:interact_with_campfire":8,"minecraft:leave_game":2,"minecraft:time_since_death":30085,"minecraft:climb_one_cm":2088,"minecraft:sprint_one_cm":147433,"minecraft:walk_one_cm":68975,"minecraft:damage_blocked_by_shield":30,"minecraft:drop":63,"minecraft:talked_to_villager":2,"minecraft:play_time":55436,"minecraft:deaths":1,"minecraft:sneak_time":9797,"minecraft:walk_under_water_one_cm":4193,"minecraft:jump":941,"minecraft:walk_on_water_one_cm":1996,"minecraft:total_world_time":55436,"minecraft:interact_with_furnace":12,"minecraft:interact_with_grindstone":1,"minecraft:sleep_in_bed":4,"minecraft:time_since_rest":2003,"minecraft:damage_taken":951,"minecraft:damage_dealt":1928,"minecraft:swim_one_cm":13219,"minecraft:fly_one_cm":162366,"minecraft:open_chest":41,"minecraft:crouch_one_cm":43453,"tombstone:undead_killed":6,"minecraft:interact_with_smoker":1,"minecraft:fall_one_cm":34190},"minecraft:picked_up":{"minecraft:crafting_table":3,"minecraft:wheat":32,"minecraft:chicken":6,"minecraft:brown_bed":2,"minecraft:item_frame":5,"minecraft:experience_bottle":5,"dynamictrees:dark_oak_seed":6,"minecraft:beef":2,"minecraft:white_tulip":1,"simpleores:raw_tin":2,"minecraft:coal_block":25,"minecraft:furnace":7,"minecraft:raw_iron":34,"minecraft:stick":18,"minecraft:torch":4,"minecraft:green_bed":9,"minecraft:polished_blackstone_bricks":6,"tombstone:grave_dust":2,"minecraft:diorite":16,"minecraft:carrot":1,"minecraft:stone_pressure_plate":1,"minecraft:arrow":2,"minecraft:rotten_flesh":10,"minecraft:hay_block":4,"minecraft:carved_pumpkin":1,"minecraft:cyan_terracotta":2,"minecraft:mutton":8,"minecraft:white_wool":3,"minecraft:cobblestone":114,"minecraft:birch_log":2,"minecraft:feather":9,"gobber2:gobber2_gooey_beefstew":1,"minecraft:leather":3,"minecraft:potato":2,"minecraft:oak_log":1,"minecraft:gunpowder":4,"minecraft:dirt":3,"minecraft:cooked_mutton":8,"minecraft:bone":2,"minecraft:wheat_seeds":85,"minecraft:grindstone":1,"minecraft:scaffolding":3,"minecraft:pumpkin":20,"minecraft:quartz":19,"minecraft:gravel":2,"minecraft:stripped_spruce_log":6,"minecraft:blast_furnace":1,"minecraft:white_bed":1,"minecraft:dark_oak_log":68,"minecraft:pumpkin_seeds":8,"minecraft:painting":4,"minecraft:emerald":1,"alexsmobs:maggot":2,"minecraft:black_wool":1,"minecraft:netherrack":134,"gobber2:gobber2_goo":2,"minecraft:coal":32,"minecraft:diamond_pickaxe":1}},"DataVersion":3465}