{"stats":{"minecraft:used":{"minecraft:iron_shovel":339,"simpleores:mythril_pickaxe":47,"minecraft:spruce_slab":31,"minecraft:dispenser":2,"minecraft:ladder":3,"minecraft:chest":40,"gobber2:gobber2_gooey_bread":4,"minecraft:stone":140,"minecraft:iron_sword":161,"minecraft:zombie_spawn_egg":3,"tombstone:lollipop":4,"minecraft:bell":4,"minecraft:carrot":195,"minecraft:stripped_spruce_log":4,"minecraft:glass":3,"minecraft:lava_bucket":2,"minecraft:cyan_terracotta":2,"minecraft:dark_oak_slab":1,"gobber2:gobber2_hammer":2,"minecraft:stone_brick_stairs":3,"minecraft:stone_bricks":330,"minecraft:item_frame":3,"minecraft:deepslate_diamond_ore":17,"minecraft:bow":9,"spartanshields:iron_basic_shield":3,"minecraft:furnace":10,"simpleores:adamantium_sword":226,"gobber2:gobber2_ore_deepslate":2,"minecraft:powered_rail":2,"minecraft:blackstone":95,"minecraft:composter":6,"minecraft:sand":1,"minecraft:mushroom_stew":3,"minecraft:blast_furnace":10,"minecraft:deepslate_redstone_ore":15,"minecraft:stone_brick_wall":83,"minecraft:redstone_torch":1,"minecraft:lever":7,"sophisticatedbackpacks:backpack":2,"minecraft:deepslate_iron_ore":9,"minecraft:bread":24,"minecraft:cyan_bed":2,"minecraft:string":98,"paraglider:kakariko_goddess_statue":1,"minecraft:deepslate":317,"minecraft:gravel":110,"minecraft:grindstone":3,"minecraft:smithing_table":1,"minecraft:andesite":77,"minecraft:mossy_cobblestone_wall":2,"minecraft:coarse_dirt":26,"minecraft:bone_meal":65,"minecraft:experience_bottle":6,"simpleores:adamantium_pickaxe":492,"minecraft:enchanting_table":2,"minecraft:flint_and_steel":11,"simpleores:adamantium_shovel":1065,"minecraft:spruce_planks":233,"minecraft:deepslate_gold_ore":21,"minecraft:netherrack":161,"minecraft:torch":124,"minecraft:dirt":485,"minecraft:anvil":1,"minecraft:hopper":22,"minecraft:spruce_fence":10,"minecraft:iron_hoe":186,"minecraft:dark_oak_planks":12,"minecraft:bookshelf":30,"simpleores:adamantium_axe":518,"minecraft:iron_axe":189,"minecraft:tripwire_hook":12,"gobber2:gobber2_sword":72,"minecraft:minecart":10,"tombstone:gift":2,"dynamictrees:dark_oak_seed":6,"minecraft:cooked_beef":13,"minecraft:cobbled_deepslate":86,"minecraft:brown_bed":2,"minecraft:calcite":2,"minecraft:wheat_seeds":83,"minecraft:cooked_mutton":8,"minecraft:water_bucket":168,"minecraft:baked_potato":43,"minecraft:spruce_sign":6,"minecraft:fletching_table":7,"minecraft:green_bed":19,"minecraft:polished_blackstone_bricks":2,"minecraft:rail":115,"justhammers:diamond_hammer":676,"minecraft:crafting_table":15,"minecraft:red_bed":2,"minecraft:white_bed":3,"simpleores:adamantium_shears":28,"minecraft:campfire":1,"minecraft:cake":3,"simpleores:deepslate_mythril_ore":12,"minecraft:diamond_pickaxe":1288,"minecraft:black_wool":1,"minecraft:cracked_polished_blackstone_bricks":20,"minecraft:lapis_ore":2,"minecraft:spruce_trapdoor":57,"minecraft:spruce_sapling":24,"simpleores:deepslate_adamantium_ore":20,"minecraft:cobblestone":287,"minecraft:white_banner":1,"minecraft:cooked_porkchop":2,"minecraft:bucket":172,"minecraft:glass_pane":161,"minecraft:pumpkin_pie":5},"minecraft:killed_by":{"minecraft:creeper":1},"minecraft:custom":{"minecraft:interact_with_crafting_table":110,"minecraft:open_barrel":13,"goblintraders:trade_with_goblin":26,"minecraft:bell_ring":33,"minecraft:eat_cake_slice":10,"minecraft:leave_game":7,"minecraft:time_since_death":353897,"minecraft:sprint_one_cm":1167095,"minecraft:damage_blocked_by_shield":90,"minecraft:drop":457,"tombstone:eaten_lollipop":4,"minecraft:talked_to_villager":34,"minecraft:play_time":379248,"minecraft:deaths":1,"minecraft:jump":5868,"minecraft:walk_on_water_one_cm":93848,"minecraft:enchant_item":22,"minecraft:interact_with_furnace":46,"minecraft:sleep_in_bed":6,"minecraft:damage_dealt":32431,"minecraft:crouch_one_cm":224120,"tombstone:undead_killed":88,"tombstone:villager_killed":1,"minecraft:interact_with_smoker":1,"minecraft:inspect_dispenser":8,"minecraft:interact_with_smithing_table":1,"minecraft:interact_with_anvil":7,"minecraft:mob_kills":161,"minecraft:inspect_hopper":6,"minecraft:interact_with_campfire":8,"minecraft:damage_dealt_resisted":12,"minecraft:climb_one_cm":5356,"minecraft:walk_one_cm":605347,"minecraft:sneak_time":62407,"minecraft:walk_under_water_one_cm":18228,"minecraft:interact_with_blast_furnace":62,"minecraft:total_world_time":379248,"tombstone:raider_killed":9,"minecraft:interact_with_grindstone":10,"minecraft:time_since_rest":74996,"minecraft:damage_taken":4134,"minecraft:swim_one_cm":40047,"minecraft:fly_one_cm":962101,"minecraft:open_chest":296,"minecraft:fall_one_cm":145039},"minecraft:dropped":{"minecraft:iron_sword":1,"minecraft:porkchop":3,"minecraft:dark_oak_stairs":2,"simpleores:adamantium_sword":1,"minecraft:oak_log":1,"minecraft:baked_potato":1,"minecraft:crafting_table":1,"gobber2:gobber2_sword":1,"minecraft:crossbow":1,"minecraft:glow_berries":4,"minecraft:leather":3,"minecraft:mossy_cobblestone_wall":1,"minecraft:brown_banner":2,"simpleores:tin_ore":4,"minecraft:item_frame":8,"minecraft:flint":4,"minecraft:emerald":2,"minecraft:dirt":69,"tombstone:bag_of_seeds":3,"minecraft:grass":5,"minecraft:cornflower":3,"minecraft:mutton":6,"minecraft:pumpkin_pie":16,"minecraft:gold_nugget":2,"minecraft:amethyst_shard":1,"minecraft:bone_meal":1,"minecraft:bone_block":4,"minecraft:polished_blackstone_bricks":9,"gobber2:gobber2_goo":5,"gobber2:gobber2_gooey_bread":2,"minecraft:dark_oak_planks":12,"minecraft:birch_log":2,"minecraft:white_wool":2,"minecraft:cyan_carpet":1,"minecraft:bone":10,"tombstone:lollipop":1,"minecraft:gravel":62,"minecraft:white_tulip":1,"minecraft:chiseled_polished_blackstone":1,"minecraft:blackstone":27,"minecraft:lever":1,"minecraft:cobbled_deepslate":18,"minecraft:wheat":1,"born_in_chaos_v1:ethereal_spirit":3,"tombstone:gift":1,"minecraft:beetroot":6,"minecraft:rotten_flesh":58,"gobber2:gobber2_gooey_beefstew":1,"minecraft:azure_bluet":1,"minecraft:poppy":11,"minecraft:gunpowder":9,"minecraft:deepslate_copper_ore":2,"born_in_chaos_v1:corpse_maggot":1,"minecraft:stone_brick_wall":10,"minecraft:leather_boots":1,"minecraft:birch_door":1,"minecraft:chest":2,"minecraft:painting":4,"minecraft:spruce_slab":18,"minecraft:red_nether_bricks":2,"minecraft:arrow":4,"minecraft:stone_brick_stairs":8,"minecraft:scaffolding":3,"justhammers:diamond_hammer":3,"minecraft:enchanted_book":2,"minecraft:water_bucket":1,"minecraft:golden_boots":1,"minecraft:wheat_seeds":32,"minecraft:deepslate_redstone_ore":1,"minecraft:mossy_cobblestone":2,"minecraft:minecart":1,"minecraft:iron_helmet":1,"minecraft:feather":9,"minecraft:cobblestone":25,"simpleores:adamantium_shears":2,"minecraft:spruce_door":1,"minecraft:spruce_stairs":1,"spartanshields:iron_basic_shield":2,"minecraft:coal":1,"minecraft:mushroom_stew":8,"minecraft:stick":10,"minecraft:pufferfish":1,"simpleores:adamantium_axe":1,"minecraft:gray_wool":1,"minecraft:diorite":16,"minecraft:torch":2,"tombstone:grave_dust":9,"minecraft:potion":1,"born_in_chaos_v1:coffee_candy":1,"minecraft:iron_leggings":1,"minecraft:iron_axe":1,"minecraft:iron_shovel":1,"minecraft:string":14,"minecraft:tripwire_hook":7,"minecraft:gray_carpet":7,"minecraft:spruce_sapling":1,"minecraft:beetroot_soup":1,"minecraft:dandelion":4,"alexsmobs:maggot":3,"minecraft:coarse_dirt":4,"minecraft:bowl":2,"minecraft:deepslate":89,"minecraft:tuff":169,"gobber2:gobber2_gooey_beef":4,"minecraft:clay_ball":5,"iceandfire:silver_ore":2,"minecraft:iron_boots":1,"minecraft:stone_slab":2,"minecraft:damaged_anvil":1,"minecraft:spruce_fence":17,"minecraft:glass_pane":2,"minecraft:pumpkin_seeds":8,"minecraft:copper_ore":1,"simpleores:raw_tin":28,"minecraft:stone":3,"minecraft:allium":2,"minecraft:spruce_trapdoor":3,"minecraft:spruce_planks":45,"minecraft:iron_chestplate":1,"minecraft:diamond_pickaxe":1,"minecraft:andesite":146,"minecraft:oak_sapling":1,"born_in_chaos_v1:sweet_sword":1,"minecraft:carved_pumpkin":1,"iceandfire:lectern":3,"minecraft:stone_pressure_plate":3,"minecraft:stone_bricks":2,"minecraft:spider_eye":1,"minecraft:barrel":4,"minecraft:bow":1,"minecraft:blue_orchid":10,"gobber2:gobber2_hammer":1,"minecraft:cyan_bed":2},"minecraft:picked_up":{"minecraft:birch_door":1,"minecraft:wheat":32,"minecraft:anvil":1,"minecraft:smithing_table":1,"minecraft:stone_slab":2,"minecraft:brown_bed":2,"minecraft:potion":1,"minecraft:enchanted_book":2,"minecraft:stone_brick_stairs":7,"minecraft:string":67,"minecraft:deepslate_lapis_ore":5,"minecraft:red_nether_bricks":2,"minecraft:beetroot_soup":1,"minecraft:pufferfish":1,"minecraft:experience_bottle":6,"minecraft:beetroot":6,"gobber2:gobber2_ore_deepslate":97,"dynamictrees:dark_oak_seed":6,"minecraft:cobbled_deepslate":107,"minecraft:spruce_planks":71,"minecraft:white_tulip":1,"simpleores:raw_tin":29,"minecraft:calcite":2,"minecraft:coal_block":28,"minecraft:deepslate_iron_ore":9,"minecraft:furnace":16,"simpleores:adamantium_sword":1,"minecraft:stick":28,"simpleores:mythril_ingot":19,"minecraft:composter":1,"born_in_chaos_v1:coffee_candy":1,"minecraft:torch":82,"minecraft:green_bed":19,"paraglider:kakariko_goddess_statue":2,"minecraft:spruce_stairs":71,"iceandfire:silver_ore":2,"minecraft:porkchop":3,"simpleores:tin_ore":4,"born_in_chaos_v1:nightmare_claw":1,"tombstone:grave_dust":13,"minecraft:diorite":16,"tombstone:lollipop":5,"minecraft:rotten_flesh":58,"born_in_chaos_v1:sweet_sword":1,"minecraft:bookshelf":15,"minecraft:carved_pumpkin":1,"minecraft:cyan_terracotta":2,"minecraft:deepslate_copper_ore":2,"minecraft:white_terracotta":2,"minecraft:obsidian":31,"minecraft:cobblestone":673,"minecraft:enchanting_table":1,"minecraft:birch_log":2,"minecraft:feather":9,"minecraft:andesite":405,"spartanshields:iron_basic_shield":2,"born_in_chaos_v1:mint_ice_cream":1,"minecraft:potato":2,"paraglider:spirit_orb":12,"minecraft:flint":59,"minecraft:tuff":232,"minecraft:lapis_lazuli":80,"minecraft:dirt":554,"born_in_chaos_v1:monster_skin":3,"minecraft:leather_boots":2,"minecraft:bone":42,"simpleores:raw_mythril":40,"simpleores:deepslate_adamantium_ore":23,"minecraft:bow":3,"gobber2:gobber2_gooey_beef":4,"minecraft:wheat_seeds":121,"minecraft:raw_gold":81,"minecraft:bell":4,"minecraft:grindstone":3,"minecraft:fletching_table":4,"born_in_chaos_v1:mint_candy":1,"gobber2:gobber2_gooey_bread":6,"minecraft:sand":113,"minecraft:stripped_spruce_log":137,"minecraft:cyan_bed":6,"minecraft:dark_oak_log":68,"minecraft:barrel":4,"minecraft:mossy_cobblestone":2,"minecraft:dispenser":1,"minecraft:deepslate":2387,"minecraft:diamond":27,"minecraft:deepslate_gold_ore":28,"iceandfire:lectern":3,"minecraft:lever":7,"minecraft:spruce_sign":3,"minecraft:bone_meal":1,"minecraft:grass":5,"minecraft:golden_apple":1,"minecraft:emerald":5,"minecraft:bread":15,"gobber2:gobber2_sword":1,"alexsmobs:maggot":3,"minecraft:oak_sapling":1,"simpleores:deepslate_mythril_ore":12,"minecraft:netherrack":134,"gobber2:gobber2_goo":5,"minecraft:diamond_pickaxe":1,"minecraft:charcoal":56,"minecraft:coarse_dirt":30,"minecraft:crafting_table":10,"minecraft:allium":2,"minecraft:azure_bluet":2,"minecraft:chicken":6,"minecraft:clay_ball":5,"minecraft:stone_brick_wall":40,"minecraft:cornflower":3,"minecraft:red_bed":2,"minecraft:blackstone":104,"minecraft:item_frame":11,"minecraft:cyan_carpet":1,"minecraft:blue_orchid":10,"minecraft:glass_pane":1,"minecraft:deepslate_diamond_ore":32,"minecraft:mossy_cobblestone_wall":4,"simpleores:raw_adamantium":65,"minecraft:beef":15,"minecraft:poppy":17,"minecraft:spruce_slab":21,"minecraft:minecart":13,"minecraft:chest":32,"minecraft:spruce_trapdoor":51,"minecraft:copper_ore":1,"minecraft:raw_iron":75,"minecraft:stone":463,"minecraft:bowl":1,"minecraft:spruce_fence":68,"sophisticatedbackpacks:backpack":2,"minecraft:polished_blackstone_bricks":6,"minecraft:cake":1,"minecraft:carrot":105,"minecraft:redstone":172,"minecraft:stone_pressure_plate":3,"minecraft:dark_oak_planks":2,"minecraft:arrow":39,"minecraft:pumpkin_pie":16,"minecraft:hay_block":12,"minecraft:gold_ingot":40,"minecraft:glow_berries":4,"minecraft:mutton":14,"minecraft:rail":42,"minecraft:white_wool":5,"minecraft:lapis_ore":2,"born_in_chaos_v1:corpse_maggot":9,"born_in_chaos_v1:monster_flesh":3,"minecraft:tripwire_hook":17,"gobber2:gobber2_gooey_beefstew":1,"minecraft:leather":6,"minecraft:mushroom_stew":7,"minecraft:oak_log":2,"minecraft:gunpowder":9,"minecraft:white_banner":1,"minecraft:cooked_mutton":8,"simpleores:adamantium_shears":2,"minecraft:stone_bricks":189,"minecraft:gray_carpet":7,"minecraft:iron_ingot":60,"tombstone:bag_of_seeds":3,"gobber2:gobber2_hammer":1,"minecraft:dark_oak_stairs":2,"minecraft:book":172,"minecraft:scaffolding":3,"minecraft:pumpkin":30,"born_in_chaos_v1:ethereal_spirit":3,"minecraft:quartz":19,"minecraft:dandelion":4,"minecraft:gravel":149,"minecraft:amethyst_shard":1,"minecraft:spruce_sapling":25,"minecraft:blast_furnace":21,"minecraft:white_bed":2,"minecraft:spruce_log":117,"justhammers:diamond_hammer":2,"minecraft:spruce_door":2,"minecraft:spider_eye":4,"minecraft:pumpkin_seeds":8,"minecraft:slime_ball":1,"minecraft:deepslate_redstone_ore":16,"minecraft:painting":5,"minecraft:gray_wool":1,"minecraft:baked_potato":1,"minecraft:brown_banner":2,"minecraft:damaged_anvil":1,"minecraft:black_wool":1,"minecraft:coal":172,"minecraft:hopper":19},"minecraft:killed":{"born_in_chaos_v1:restless_spirit":2,"minecraft:spider":9,"minecraft:skeleton":36,"minecraft:chicken":4,"minecraft:pig":2,"minecraft:iron_golem":5,"born_in_chaos_v1:senor_pumpkin":1,"minecraft:creeper":6,"minecraft:sheep":8,"minecraft:pillager":2,"minecraft:zombie":46,"born_in_chaos_v1:dread_hound":2,"alexsmobs:terrapin":2,"born_in_chaos_v1:corpse_fly":5,"alexsmobs:fly":1,"takesapillage:archer":3,"minecraft:cow":6,"takesapillage:legioner":2,"minecraft:vindicator":1,"born_in_chaos_v1:zombie_bruiser":1,"born_in_chaos_v1:maggot":4,"takesapillage:clay_golem":1,"alexsmobs:bison":1,"minecraft:drowned":2,"born_in_chaos_v1:corpse_fish":2,"born_in_chaos_v1:swarmer":1,"takesapillage:skirmisher":1,"born_in_chaos_v1:decrepit_skeleton":1,"born_in_chaos_v1:decaying_zombie":1,"born_in_chaos_v1:nightmare_stalker":1,"minecraft:villager":1},"minecraft:broken":{"minecraft:iron_shovel":1},"minecraft:mined":{"minecraft:dark_oak_planks":3,"minecraft:spruce_planks":43,"minecraft:white_bed":2,"minecraft:farmland":11,"minecraft:red_nether_bricks":2,"minecraft:obsidian":1,"minecraft:carved_pumpkin":1,"minecraft:spruce_trapdoor":48,"minecraft:stone_brick_wall":36,"minecraft:grass_block":265,"gobber2:gobber2_ore_deepslate":74,"gobber2:gobber2_lucky_block":4,"iceandfire:lectern":5,"minecraft:coal_block":30,"minecraft:composter":1,"minecraft:hopper":19,"minecraft:spawner":6,"minecraft:polished_blackstone_bricks":6,"minecraft:tall_seagrass":1,"minecraft:iron_ore":54,"minecraft:barrel":4,"minecraft:cobbled_deepslate":6,"minecraft:fire":19,"minecraft:pumpkin":30,"minecraft:anvil":1,"minecraft:deepslate_lapis_ore":13,"minecraft:fletching_table":4,"minecraft:enchanting_table":1,"minecraft:brown_bed":2,"minecraft:azure_bluet":1,"minecraft:dark_oak_stairs":2,"minecraft:dirt_path":42,"simpleores:tin_ore":19,"minecraft:blue_orchid":10,"minecraft:spruce_slab":21,"minecraft:green_bed":19,"minecraft:tripwire":45,"minecraft:deepslate_redstone_ore":49,"minecraft:red_bed":2,"minecraft:cyan_terracotta":2,"minecraft:blackstone":16,"minecraft:torch":34,"minecraft:blast_furnace":21,"minecraft:mossy_cobblestone_wall":4,"minecraft:calcite":2,"minecraft:chest":32,"minecraft:spruce_wall_sign":1,"minecraft:nether_quartz_ore":20,"minecraft:cobblestone":54,"minecraft:cyan_bed":4,"minecraft:grindstone":3,"minecraft:damaged_anvil":1,"minecraft:wall_torch":12,"minecraft:white_terracotta":2,"minecraft:birch_log":2,"minecraft:wheat":34,"paraglider:kakariko_goddess_statue":2,"minecraft:brown_wall_banner":1,"minecraft:pumpkin_stem":13,"minecraft:birch_door":1,"minecraft:stone_brick_stairs":3,"minecraft:grass":38,"minecraft:oak_log":2,"minecraft:sand":113,"minecraft:dirt":236,"minecraft:tripwire_hook":11,"minecraft:dispenser":1,"minecraft:stonecutter":1,"minecraft:netherrack":153,"minecraft:oak_leaves":19,"minecraft:deepslate":143,"minecraft:tuff":11,"minecraft:deepslate_diamond_ore":49,"minecraft:red_stained_glass":2,"minecraft:dark_oak_log":1,"minecraft:spruce_fence":68,"minecraft:spruce_leaves":66,"simpleores:deepslate_adamantium_ore":79,"minecraft:large_fern":14,"minecraft:hay_block":12,"minecraft:furnace":16,"minecraft:carrots":30,"minecraft:andesite":93,"minecraft:stripped_spruce_log":139,"minecraft:bell":4,"minecraft:bookshelf":72,"minecraft:potatoes":2,"minecraft:deepslate_iron_ore":26,"minecraft:rail":37,"minecraft:stone":321,"sophisticatedbackpacks:backpack":1,"minecraft:smithing_table":1,"minecraft:glass_pane":25,"minecraft:spruce_door":1,"minecraft:crafting_table":11,"minecraft:campfire":16,"minecraft:stone_slab":2,"minecraft:tall_grass":48,"minecraft:lapis_ore":6,"biomesoplenty:sprout":3,"minecraft:deepslate_gold_ore":103,"minecraft:diorite":16,"minecraft:spruce_stairs":71,"minecraft:coarse_dirt":30,"simpleores:deepslate_mythril_ore":50,"minecraft:birch_leaves":11,"minecraft:spruce_log":118,"minecraft:coal_ore":138,"minecraft:sunflower":1,"minecraft:gravel":205,"minecraft:stone_bricks":192,"minecraft:fern":8},"minecraft:crafted":{"minecraft:oak_planks":4,"gobber2:gobber2_leggings":1,"minecraft:cooked_chicken":6,"minecraft:lever":2,"minecraft:bookshelf":15,"minecraft:glass":112,"minecraft:hopper":7,"minecraft:bow":1,"justhammers:diamond_hammer":1,"minecraft:chest":25,"simpleores:adamantium_shovel":1,"minecraft:rail":96,"minecraft:stone_bricks":200,"simpleores:mythril_rod":2,"simpleores:mythril_boots":1,"gobber2:gobber2_ingot":27,"simpleores:adamantium_sword":1,"minecraft:crafting_table":6,"minecraft:spruce_planks":596,"gobber2:gobber2_hammer":1,"minecraft:baked_potato":84,"gobber2:gobber2_rod":6,"simpleores:adamantium_ingot":59,"minecraft:fletching_table":3,"minecraft:campfire":1,"minecraft:dispenser":1,"simpleores:adamantium_leggings":1,"minecraft:stone_brick_stairs":4,"minecraft:spruce_trapdoor":20,"minecraft:dark_oak_slab":36,"minecraft:stick":124,"minecraft:iron_ingot":55,"minecraft:gold_ingot":55,"minecraft:redstone_torch":1,"minecraft:composter":5,"minecraft:coal":37,"minecraft:stone_brick_wall":54,"minecraft:tripwire_hook":2,"minecraft:furnace":1,"simpleores:adamantium_shears":1,"minecraft:bone_meal":69,"minecraft:glass_pane":288,"gobber2:gobber2_helmet":2,"gobber2:gobber2_glob":64,"simpleores:mythril_helmet":1,"minecraft:ladder":3,"minecraft:spruce_slab":42,"minecraft:iron_hoe":1,"simpleores:adamantium_axe":2,"simpleores:adamantium_pickaxe":1,"minecraft:dark_oak_planks":136,"minecraft:minecart":4,"minecraft:cooked_beef":13,"gobber2:gobber2_sword":1,"minecraft:spruce_sign":3,"simpleores:mythril_pickaxe":1,"minecraft:enchanting_table":1,"minecraft:powered_rail":6,"minecraft:bucket":2,"gobber2:gobber2_bow":1,"minecraft:air":0,"simpleores:mythril_ingot":21,"minecraft:iron_shovel":2,"minecraft:white_bed":1,"minecraft:torch":72,"minecraft:diamond_chestplate":1}},"DataVersion":3465}