{"stats":{"minecraft:mined":{"minecraft:grass":9,"minecraft:grass_block":7,"minecraft:fern":3},"minecraft:custom":{"minecraft:time_since_rest":2376,"minecraft:play_time":2376,"minecraft:crouch_one_cm":898,"minecraft:sprint_one_cm":7020,"minecraft:damage_taken":20,"minecraft:walk_one_cm":2804,"minecraft:sneak_time":202,"minecraft:mob_kills":1,"minecraft:drop":13,"minecraft:jump":65,"minecraft:damage_dealt":100,"minecraft:leave_game":1,"minecraft:time_since_death":2376,"minecraft:climb_one_cm":84,"minecraft:total_world_time":2376,"minecraft:fall_one_cm":2045,"minecraft:fly_one_cm":12063},"minecraft:killed":{"minecraft:pig":1},"minecraft:dropped":{"minecraft:dirt":7,"minecraft:porkchop":2,"minecraft:wheat_seeds":4},"minecraft:picked_up":{"minecraft:wheat_seeds":4,"minecraft:porkchop":2,"minecraft:dirt":7}},"DataVersion":3465}