{"stats":{"minecraft:used":{"minecraft:iron_shovel":339,"minecraft:spruce_slab":31,"gobber2:gobber2_gooey_bread":1,"minecraft:chest":4,"minecraft:iron_sword":161,"tombstone:lollipop":2,"minecraft:carrot":9,"minecraft:stripped_spruce_log":4,"minecraft:cyan_terracotta":2,"minecraft:item_frame":3,"minecraft:bow":9,"spartanshields:iron_basic_shield":1,"minecraft:furnace":10,"minecraft:blackstone":22,"minecraft:composter":3,"minecraft:sand":1,"minecraft:mushroom_stew":3,"minecraft:blast_furnace":1,"minecraft:bread":5,"minecraft:coarse_dirt":4,"minecraft:bone_meal":6,"minecraft:experience_bottle":5,"minecraft:flint_and_steel":11,"minecraft:spruce_planks":23,"minecraft:netherrack":161,"minecraft:torch":30,"minecraft:dirt":172,"minecraft:spruce_fence":10,"minecraft:iron_hoe":186,"minecraft:dark_oak_planks":12,"minecraft:iron_axe":187,"tombstone:gift":2,"dynamictrees:dark_oak_seed":6,"minecraft:calcite":2,"minecraft:wheat_seeds":83,"minecraft:cooked_mutton":5,"minecraft:water_bucket":24,"minecraft:baked_potato":17,"minecraft:green_bed":6,"minecraft:polished_blackstone_bricks":2,"minecraft:crafting_table":8,"minecraft:white_bed":3,"minecraft:campfire":1,"minecraft:cake":3,"minecraft:diamond_pickaxe":689,"minecraft:black_wool":1,"minecraft:cracked_polished_blackstone_bricks":20,"minecraft:spruce_trapdoor":13,"minecraft:cobblestone":130,"minecraft:cooked_porkchop":2,"minecraft:bucket":25,"minecraft:glass_pane":107,"minecraft:pumpkin_pie":3},"minecraft:dropped":{"minecraft:dark_oak_stairs":2,"minecraft:oak_log":1,"minecraft:baked_potato":1,"minecraft:crafting_table":1,"minecraft:crossbow":1,"minecraft:glow_berries":4,"minecraft:item_frame":6,"minecraft:emerald":1,"minecraft:dirt":3,"tombstone:bag_of_seeds":3,"minecraft:mutton":1,"minecraft:gold_nugget":2,"minecraft:amethyst_shard":1,"minecraft:bone_block":4,"minecraft:polished_blackstone_bricks":4,"gobber2:gobber2_goo":2,"minecraft:dark_oak_planks":3,"minecraft:birch_log":2,"minecraft:white_wool":2,"minecraft:cyan_carpet":1,"minecraft:white_tulip":1,"minecraft:beetroot":6,"minecraft:rotten_flesh":16,"gobber2:gobber2_gooey_beefstew":1,"minecraft:poppy":4,"minecraft:gunpowder":6,"minecraft:birch_door":1,"minecraft:chest":2,"minecraft:painting":4,"minecraft:spruce_slab":4,"minecraft:red_nether_bricks":2,"minecraft:scaffolding":3,"minecraft:water_bucket":1,"minecraft:enchanted_book":2,"minecraft:golden_boots":1,"minecraft:wheat_seeds":12,"minecraft:feather":9,"spartanshields:iron_basic_shield":1,"minecraft:coal":1,"minecraft:mushroom_stew":8,"minecraft:pufferfish":1,"minecraft:gray_wool":1,"minecraft:diorite":16,"minecraft:torch":1,"tombstone:grave_dust":5,"minecraft:potion":1,"minecraft:string":2,"minecraft:tripwire_hook":5,"minecraft:gray_carpet":7,"minecraft:beetroot_soup":1,"minecraft:dandelion":1,"alexsmobs:maggot":2,"minecraft:bowl":2,"minecraft:spruce_fence":14,"minecraft:glass_pane":2,"minecraft:pumpkin_seeds":8,"simpleores:raw_tin":2,"minecraft:spruce_planks":1,"minecraft:diamond_pickaxe":1,"minecraft:andesite":2,"minecraft:carved_pumpkin":1,"minecraft:stone_pressure_plate":3,"minecraft:barrel":4,"minecraft:blue_orchid":10,"minecraft:cyan_bed":2},"minecraft:killed":{"minecraft:spider":1,"minecraft:skeleton":18,"minecraft:chicken":4,"minecraft:pig":2,"minecraft:creeper":2,"minecraft:sheep":8,"minecraft:zombie":14,"alexsmobs:terrapin":1,"minecraft:cow":2,"alexsmobs:bison":1},"minecraft:crafted":{"minecraft:cooked_chicken":6,"minecraft:glass":112,"minecraft:chest":4,"minecraft:crafting_table":4,"minecraft:spruce_planks":156,"minecraft:baked_potato":48,"minecraft:campfire":1,"minecraft:spruce_trapdoor":16,"minecraft:stick":8,"minecraft:iron_ingot":24,"minecraft:gold_ingot":39,"minecraft:composter":2,"minecraft:coal":37,"minecraft:furnace":1,"minecraft:bone_meal":6,"minecraft:glass_pane":288,"minecraft:spruce_slab":42,"minecraft:iron_hoe":1,"minecraft:dark_oak_planks":20,"minecraft:bucket":1,"minecraft:air":0,"simpleores:mythril_ingot":8,"minecraft:iron_shovel":2,"minecraft:white_bed":1,"minecraft:torch":16},"minecraft:mined":{"minecraft:dark_oak_planks":3,"minecraft:spruce_planks":2,"minecraft:white_bed":2,"minecraft:farmland":11,"minecraft:red_nether_bricks":2,"minecraft:carved_pumpkin":1,"minecraft:spruce_trapdoor":7,"minecraft:grass_block":126,"gobber2:gobber2_lucky_block":4,"minecraft:coal_block":27,"minecraft:composter":1,"minecraft:spawner":4,"minecraft:polished_blackstone_bricks":6,"minecraft:tall_seagrass":1,"minecraft:fire":11,"minecraft:iron_ore":37,"minecraft:barrel":4,"minecraft:pumpkin":30,"minecraft:anvil":1,"minecraft:deepslate_lapis_ore":8,"minecraft:brown_bed":2,"minecraft:dark_oak_stairs":2,"minecraft:dirt_path":3,"simpleores:tin_ore":2,"minecraft:blue_orchid":10,"minecraft:spruce_slab":7,"minecraft:green_bed":11,"minecraft:deepslate_redstone_ore":8,"minecraft:cyan_terracotta":2,"minecraft:red_bed":2,"minecraft:torch":4,"minecraft:blast_furnace":13,"minecraft:calcite":2,"minecraft:chest":2,"minecraft:nether_quartz_ore":20,"minecraft:cobblestone":9,"minecraft:cyan_bed":4,"minecraft:grindstone":1,"minecraft:damaged_anvil":1,"minecraft:wall_torch":4,"minecraft:birch_log":2,"minecraft:wheat":34,"paraglider:kakariko_goddess_statue":2,"minecraft:pumpkin_stem":13,"minecraft:birch_door":1,"minecraft:grass":10,"minecraft:oak_log":1,"minecraft:sand":113,"minecraft:dirt":91,"minecraft:tripwire_hook":3,"minecraft:netherrack":153,"minecraft:oak_leaves":12,"minecraft:deepslate":14,"minecraft:red_stained_glass":2,"minecraft:dark_oak_log":1,"minecraft:spruce_fence":24,"minecraft:spruce_leaves":3,"simpleores:deepslate_adamantium_ore":9,"minecraft:large_fern":4,"minecraft:hay_block":12,"minecraft:furnace":12,"minecraft:carrots":2,"minecraft:andesite":2,"minecraft:stripped_spruce_log":6,"minecraft:bookshelf":57,"minecraft:potatoes":2,"minecraft:deepslate_iron_ore":6,"minecraft:stone":201,"minecraft:smithing_table":1,"minecraft:glass_pane":15,"minecraft:crafting_table":6,"minecraft:campfire":16,"minecraft:tall_grass":18,"minecraft:deepslate_gold_ore":20,"minecraft:diorite":16,"minecraft:coarse_dirt":4,"simpleores:deepslate_mythril_ore":9,"minecraft:birch_leaves":11,"minecraft:coal_ore":70,"minecraft:sunflower":1,"minecraft:gravel":1,"minecraft:fern":2},"minecraft:killed_by":{"minecraft:creeper":1},"minecraft:broken":{"minecraft:iron_shovel":1},"minecraft:custom":{"minecraft:interact_with_crafting_table":25,"minecraft:open_barrel":13,"goblintraders:trade_with_goblin":26,"minecraft:eat_cake_slice":10,"minecraft:leave_game":2,"minecraft:time_since_death":90085,"minecraft:sprint_one_cm":344589,"minecraft:damage_blocked_by_shield":30,"minecraft:drop":175,"tombstone:eaten_lollipop":2,"minecraft:talked_to_villager":2,"minecraft:play_time":115436,"minecraft:deaths":1,"minecraft:jump":1811,"minecraft:walk_on_water_one_cm":11795,"minecraft:interact_with_furnace":37,"minecraft:sleep_in_bed":4,"minecraft:damage_dealt":8231,"minecraft:crouch_one_cm":90644,"tombstone:undead_killed":32,"minecraft:interact_with_smoker":1,"minecraft:mob_kills":54,"minecraft:interact_with_campfire":8,"minecraft:climb_one_cm":3441,"minecraft:walk_one_cm":157168,"minecraft:sneak_time":22957,"minecraft:walk_under_water_one_cm":6316,"minecraft:interact_with_blast_furnace":4,"minecraft:total_world_time":115436,"minecraft:interact_with_grindstone":1,"minecraft:time_since_rest":62003,"minecraft:damage_taken":2013,"minecraft:swim_one_cm":16515,"minecraft:fly_one_cm":297109,"minecraft:open_chest":66,"minecraft:fall_one_cm":60468},"minecraft:picked_up":{"minecraft:birch_door":1,"minecraft:wheat":32,"minecraft:anvil":1,"minecraft:smithing_table":1,"minecraft:enchanted_book":2,"minecraft:brown_bed":2,"minecraft:potion":1,"minecraft:red_nether_bricks":2,"minecraft:beetroot_soup":1,"minecraft:pufferfish":1,"minecraft:experience_bottle":5,"minecraft:beetroot":6,"dynamictrees:dark_oak_seed":6,"minecraft:cobbled_deepslate":13,"minecraft:spruce_planks":3,"minecraft:white_tulip":1,"simpleores:raw_tin":2,"minecraft:calcite":2,"minecraft:coal_block":25,"minecraft:furnace":12,"minecraft:stick":18,"minecraft:composter":1,"minecraft:torch":21,"minecraft:green_bed":11,"paraglider:kakariko_goddess_statue":2,"minecraft:porkchop":3,"tombstone:grave_dust":5,"minecraft:diorite":16,"tombstone:lollipop":2,"minecraft:rotten_flesh":20,"minecraft:carved_pumpkin":1,"minecraft:cyan_terracotta":2,"minecraft:cobblestone":202,"minecraft:birch_log":2,"minecraft:feather":9,"minecraft:andesite":2,"spartanshields:iron_basic_shield":1,"minecraft:potato":2,"paraglider:spirit_orb":8,"minecraft:lapis_lazuli":43,"minecraft:dirt":219,"minecraft:bone":18,"simpleores:raw_mythril":9,"minecraft:wheat_seeds":97,"minecraft:raw_gold":20,"minecraft:grindstone":1,"gobber2:gobber2_gooey_bread":1,"minecraft:sand":113,"minecraft:stripped_spruce_log":6,"minecraft:cyan_bed":6,"minecraft:dark_oak_log":68,"minecraft:barrel":4,"minecraft:golden_apple":1,"minecraft:emerald":1,"minecraft:bread":15,"alexsmobs:maggot":2,"minecraft:netherrack":134,"gobber2:gobber2_goo":2,"minecraft:diamond_pickaxe":1,"minecraft:charcoal":32,"minecraft:crafting_table":6,"minecraft:coarse_dirt":4,"minecraft:chicken":6,"minecraft:red_bed":2,"minecraft:item_frame":9,"minecraft:cyan_carpet":1,"minecraft:blue_orchid":10,"simpleores:raw_adamantium":9,"minecraft:beef":10,"minecraft:poppy":4,"minecraft:spruce_slab":7,"minecraft:chest":2,"minecraft:spruce_trapdoor":7,"minecraft:raw_iron":45,"minecraft:bowl":1,"minecraft:spruce_fence":24,"minecraft:polished_blackstone_bricks":6,"minecraft:cake":1,"minecraft:carrot":9,"minecraft:redstone":36,"minecraft:stone_pressure_plate":3,"minecraft:dark_oak_planks":2,"minecraft:arrow":20,"minecraft:hay_block":12,"minecraft:glow_berries":4,"minecraft:mutton":14,"minecraft:white_wool":5,"minecraft:tripwire_hook":5,"minecraft:leather":3,"gobber2:gobber2_gooey_beefstew":1,"minecraft:mushroom_stew":7,"minecraft:oak_log":1,"minecraft:gunpowder":6,"minecraft:cooked_mutton":8,"minecraft:gray_carpet":7,"tombstone:bag_of_seeds":3,"minecraft:dark_oak_stairs":2,"minecraft:book":171,"minecraft:scaffolding":3,"minecraft:pumpkin":30,"minecraft:quartz":19,"minecraft:dandelion":1,"minecraft:gravel":2,"minecraft:amethyst_shard":1,"minecraft:blast_furnace":13,"minecraft:white_bed":2,"minecraft:pumpkin_seeds":8,"minecraft:painting":4,"minecraft:gray_wool":1,"minecraft:baked_potato":1,"minecraft:damaged_anvil":1,"minecraft:black_wool":1,"minecraft:coal":93}},"DataVersion":3465}