{"stats":{"minecraft:mined":{"minecraft:dark_oak_planks":6,"minecraft:deepslate_diamond_ore":12,"minecraft:chiseled_polished_blackstone":4,"minecraft:grass_block":2,"minecraft:cracked_polished_blackstone_bricks":27,"minecraft:light_gray_bed":6,"minecraft:moss_block":11,"minecraft:kelp":1,"minecraft:rooted_dirt":1,"minecraft:spawner":1,"minecraft:hay_block":1,"minecraft:polished_blackstone_bricks":12,"minecraft:furnace":3,"minecraft:raw_gold_block":1,"dynamictrees:dark_oak_leaves":4,"minecraft:iron_ore":16,"minecraft:fire":1,"minecraft:cobbled_deepslate":8,"minecraft:moss_carpet":2,"minecraft:gold_block":11,"minecraft:bookshelf":9,"minecraft:iron_bars":1,"minecraft:deepslate_iron_ore":24,"minecraft:stone":28,"minecraft:spruce_slab":11,"minecraft:flowering_azalea":1,"minecraft:blackstone":27,"minecraft:crafting_table":5,"minecraft:blast_furnace":4,"minecraft:melon":6,"minecraft:chest":1,"minecraft:nether_quartz_ore":9,"minecraft:tall_grass":3,"minecraft:cobblestone":5,"minecraft:deepslate_gold_ore":6,"minecraft:cyan_bed":2,"minecraft:oak_planks":2,"minecraft:sugar_cane":4,"minecraft:diorite":2,"minecraft:big_dripleaf":1,"minecraft:birch_planks":5,"minecraft:birch_log":3,"minecraft:lilac":2,"biomesoplenty:large_rose_quartz_bud":1,"gobber2:gobber2_lucky_block_deepslate":5,"minecraft:grass":11,"minecraft:coal_ore":8,"minecraft:gravel":23,"minecraft:dirt":3,"minecraft:netherrack":197,"minecraft:deepslate":13,"minecraft:fern":4},"minecraft:killed_by":{"minecraft:husk":1,"minecraft:player":1,"minecraft:piglin_brute":5,"born_in_chaos_v1:glutton_fish":1,"minecraft:pillager":1,"minecraft:drowned":1,"iceandfire:sea_serpent":2,"born_in_chaos_v1:decaying_zombie":1,"minecraft:piglin":4,"alexsmobs:centipede_head":1,"mutantmonsters:mutant_skeleton":1,"minecraft:skeleton":2,"minecraft:zombie":1},"minecraft:dropped":{"born_in_chaos_v1:intoxicating_decoction":1,"minecraft:moss_block":9,"minecraft:brown_mushroom":4,"minecraft:wheat_seeds":2,"minecraft:lilac":1,"dynamictrees:birch_seed":3,"minecraft:red_nether_brick_slab":6,"dynamictrees:dark_oak_seed":3,"minecraft:crossbow":1,"minecraft:feather":3,"minecraft:jungle_wood":1,"minecraft:rooted_dirt":1,"minecraft:stick":2,"minecraft:dirt":4,"minecraft:dark_oak_log":5,"minecraft:diorite":2,"minecraft:wooden_axe":2,"born_in_chaos_v1:stimulating_decoction":1,"minecraft:jungle_door":1,"tombstone:grave_dust":11,"minecraft:gold_nugget":2,"minecraft:flowering_azalea":1,"gobber2:gobber2_goo":2,"minecraft:polished_blackstone_bricks":4,"minecraft:string":2,"minecraft:pink_tulip":1,"minecraft:gravel":16,"minecraft:chiseled_polished_blackstone":3,"minecraft:moss_carpet":3,"minecraft:kelp":1,"minecraft:stone_sword":1,"alexsmobs:animal_dictionary":1,"minecraft:nether_brick":8,"tombstone:gift":1,"born_in_chaos_v1:ethereal_spirit":1,"minecraft:rotten_flesh":18,"minecraft:clay_ball":5,"gobber2:gobber2_gooey_beefstew":1,"born_in_chaos_v1:smoldering_infernal_ember":1,"minecraft:poppy":1,"minecraft:big_dripleaf":2,"minecraft:jungle_log":3,"minecraft:chest":1,"minecraft:wooden_pickaxe":1,"minecraft:stone_pickaxe":1,"minecraft:magma_block":1,"minecraft:quartz":9},"minecraft:custom":{"minecraft:mob_kills":42,"minecraft:interact_with_crafting_table":19,"minecraft:open_barrel":27,"minecraft:damage_dealt_resisted":841,"minecraft:leave_game":6,"minecraft:time_since_death":3707,"minecraft:damage_resisted":474,"minecraft:climb_one_cm":437,"minecraft:sprint_one_cm":310879,"minecraft:walk_one_cm":183533,"minecraft:damage_blocked_by_shield":1215,"minecraft:drop":108,"tombstone:eaten_lollipop":2,"minecraft:play_time":132453,"minecraft:deaths":27,"minecraft:sneak_time":15262,"minecraft:walk_under_water_one_cm":32927,"minecraft:jump":2218,"minecraft:interact_with_blast_furnace":1,"minecraft:walk_on_water_one_cm":18808,"minecraft:total_world_time":132453,"tombstone:steal_effect":14,"minecraft:interact_with_furnace":10,"minecraft:time_since_rest":3060,"minecraft:damage_taken":9770,"minecraft:damage_absorbed":40,"tombstone:sneak_grave":1,"minecraft:damage_dealt":8674,"tombstone:cast_on_ally":0,"minecraft:player_kills":2,"minecraft:swim_one_cm":8728,"minecraft:fly_one_cm":329818,"minecraft:open_chest":34,"minecraft:crouch_one_cm":46831,"tombstone:undead_killed":12,"minecraft:interact_with_smoker":4,"minecraft:fall_one_cm":72932},"minecraft:broken":{"minecraft:iron_pickaxe":1,"minecraft:iron_helmet":1},"minecraft:picked_up":{"minecraft:crafting_table":6,"minecraft:wheat":9,"minecraft:chicken":3,"minecraft:clay_ball":5,"minecraft:brown_mushroom":5,"minecraft:gold_block":11,"minecraft:nether_brick":8,"minecraft:golden_sword":1,"born_in_chaos_v1:holiday_candy":3,"minecraft:string":4,"minecraft:moss_carpet":3,"minecraft:red_nether_bricks":6,"born_in_chaos_v1:intoxicating_decoction":1,"minecraft:blackstone":23,"dynamictrees:dark_oak_seed":8,"minecraft:gold_nugget":2,"minecraft:cobbled_deepslate":19,"minecraft:beef":3,"born_in_chaos_v1:smoldering_infernal_ember":1,"minecraft:iron_nugget":10,"minecraft:spruce_slab":11,"born_in_chaos_v1:stimulating_decoction":1,"minecraft:melon_slice":30,"minecraft:sugar_cane":9,"minecraft:chest":1,"minecraft:furnace":3,"minecraft:stick":25,"minecraft:raw_iron":40,"minecraft:jungle_door":1,"minecraft:raw_gold_block":1,"minecraft:big_dripleaf":2,"minecraft:torch":3,"minecraft:porkchop":6,"minecraft:polished_blackstone_bricks":16,"tombstone:grave_dust":8,"minecraft:diorite":2,"tombstone:lollipop":2,"minecraft:dark_oak_planks":6,"minecraft:light_gray_bed":6,"minecraft:yellow_banner":1,"gobber2:gobber2_globette_nether":21,"minecraft:arrow":12,"minecraft:rotten_flesh":21,"born_in_chaos_v1:sweet_sword":2,"minecraft:pumpkin_pie":3,"minecraft:hay_block":1,"minecraft:pink_tulip":1,"minecraft:gold_ingot":1,"minecraft:mutton":3,"minecraft:iron_bars":1,"minecraft:white_wool":2,"minecraft:cobblestone":33,"minecraft:birch_log":3,"minecraft:leather_chestplate":1,"born_in_chaos_v1:corpse_maggot":5,"minecraft:magma_block":1,"minecraft:feather":3,"minecraft:lilac":3,"born_in_chaos_v1:spiritual_dust":1,"minecraft:jungle_log":3,"gobber2:gobber2_gooey_beefstew":1,"minecraft:jungle_wood":1,"minecraft:birch_planks":44,"minecraft:flint":1,"minecraft:dirt":5,"minecraft:bone":5,"minecraft:apple":4,"minecraft:bow":1,"minecraft:wheat_seeds":1,"minecraft:raw_gold":6,"minecraft:iron_ingot":1,"dynamictrees:birch_seed":7,"tombstone:scroll_of_frost_resistance":1,"minecraft:moss_block":9,"minecraft:oak_planks":2,"minecraft:flowering_azalea":1,"gobber2:gobber2_gooey_bread":2,"minecraft:book":27,"minecraft:chiseled_polished_blackstone":4,"born_in_chaos_v1:ethereal_spirit":1,"minecraft:quartz":9,"minecraft:gravel":36,"minecraft:blast_furnace":4,"minecraft:cyan_bed":2,"minecraft:dark_oak_log":62,"alexsmobs:animal_dictionary":1,"minecraft:diamond":12,"minecraft:cracked_polished_blackstone_bricks":27,"minecraft:crossbow":1,"born_in_chaos_v1:rotten_infernal_pumpkin":1,"minecraft:bread":6,"minecraft:rooted_dirt":1,"minecraft:red_nether_brick_slab":6,"minecraft:netherrack":220,"minecraft:coal":19,"gobber2:gobber2_goo":5},"minecraft:killed":{"minecraft:zombified_piglin":4,"alexsmobs:sugar_glider":1,"born_in_chaos_v1:maggot":1,"minecraft:skeleton":3,"minecraft:chicken":1,"minecraft:drowned":1,"minecraft:piglin_brute":4,"minecraft:piglin":16,"minecraft:husk":1,"minecraft:pig":3,"minecraft:zombie_villager":3,"minecraft:strider":1,"minecraft:sheep":2,"minecraft:cow":1},"minecraft:used":{"tombstone:scroll_of_unstable_intangibility":1,"minecraft:stone_sword":11,"minecraft:flint_and_steel":1,"gobber2:gobber2_gooey_bread":2,"minecraft:iron_sword":161,"tombstone:lollipop":2,"minecraft:netherrack":220,"minecraft:iron_chestplate":1,"minecraft:dirt":1,"minecraft:dark_oak_planks":64,"minecraft:wooden_axe":25,"minecraft:lava_bucket":10,"minecraft:iron_axe":28,"dynamictrees:birch_seed":5,"minecraft:iron_boots":1,"minecraft:bow":18,"spartanshields:iron_basic_shield":14,"minecraft:furnace":3,"tombstone:gift":6,"dynamictrees:dark_oak_seed":5,"minecraft:cobbled_deepslate":11,"minecraft:yellow_banner":1,"minecraft:water_bucket":28,"minecraft:baked_potato":3,"minecraft:birch_planks":27,"minecraft:red_nether_bricks":6,"minecraft:oak_planks":2,"minecraft:stone_pickaxe":63,"minecraft:blackstone":1,"minecraft:wooden_pickaxe":5,"minecraft:brown_mushroom":1,"minecraft:polished_blackstone_bricks":7,"minecraft:golden_apple":1,"justhammers:diamond_hammer":11,"minecraft:crafting_table":8,"born_in_chaos_v1:holiday_candy":2,"minecraft:diamond_pickaxe":116,"minecraft:chicken":3,"minecraft:cracked_polished_blackstone_bricks":7,"minecraft:bread":18,"minecraft:melon_slice":18,"minecraft:iron_pickaxe":251,"tombstone:magic_scroll":1,"tombstone:grave_key":14,"minecraft:lilac":2,"minecraft:cobblestone":20,"minecraft:cooked_porkchop":3,"minecraft:bucket":40,"minecraft:pumpkin_pie":3,"minecraft:experience_bottle":1},"minecraft:crafted":{"minecraft:furnace":1,"minecraft:flint_and_steel":1,"spartanshields:iron_basic_shield":1,"minecraft:iron_boots":1,"minecraft:iron_axe":1,"minecraft:stone_pickaxe":1,"justhammers:diamond_hammer":1,"minecraft:dark_oak_planks":72,"minecraft:wheat":9,"minecraft:crafting_table":3,"minecraft:baked_potato":8,"minecraft:wooden_pickaxe":1,"minecraft:iron_helmet":1,"minecraft:iron_sword":1,"minecraft:bucket":1,"minecraft:birch_planks":12,"minecraft:bread":6,"minecraft:air":0,"minecraft:iron_chestplate":1,"minecraft:diamond_pickaxe":1,"minecraft:stick":8,"minecraft:iron_ingot":39,"minecraft:iron_pickaxe":1,"minecraft:wooden_axe":2,"minecraft:stone_sword":1,"minecraft:iron_leggings":1,"spartanshields:wooden_basic_shield":1}},"DataVersion":3465}