{"stats":{"minecraft:killed":{"minecraft:cave_spider":6,"minecraft:spider":4,"minecraft:skeleton":19,"alexsmobs:laviathan":1,"minecraft:piglin":2,"minecraft:pig":4,"minecraft:iron_golem":1,"minecraft:creeper":3,"alexsmobs:crimson_mosquito":5,"minecraft:zombie":32,"alexsmobs:terrapin":1,"minecraft:ghast":1,"minecraft:blaze":3,"minecraft:cow":16,"mowziesmobs:ferrous_wroughtnaut":1,"minecraft:hoglin":2,"iceandfire:ice_dragon":1,"minecraft:wither_skeleton":6,"minecraft:enderman":1},"minecraft:mined":{"minecraft:large_amethyst_bud":1,"minecraft:red_nether_bricks":9,"minecraft:obsidian":5,"minecraft:spruce_trapdoor":3,"minecraft:granite":17,"minecraft:acacia_log":5,"minecraft:grass_block":118,"gobber2:gobber2_lucky_block":5,"minecraft:jungle_log":1,"minecraft:composter":3,"minecraft:spawner":6,"minecraft:gilded_blackstone":35,"minecraft:polished_blackstone_bricks":1,"minecraft:raw_iron_block":2,"minecraft:magma_block":2,"minecraft:glowstone":11,"minecraft:iron_ore":12,"minecraft:cobbled_deepslate":6,"minecraft:fire":44,"minecraft:deepslate_lapis_ore":3,"minecraft:red_tulip":3,"minecraft:dirt_path":3,"minecraft:iron_bars":1,"minecraft:deepslate_redstone_ore":1,"minecraft:blackstone":92,"minecraft:soul_fire":6,"minecraft:crimson_nylium":6,"minecraft:torch":2,"minecraft:melon":2,"gobber2:gobber2_lucky_block_nether":43,"minecraft:chest":12,"minecraft:nether_quartz_ore":47,"minecraft:cobblestone":21,"minecraft:oak_planks":3,"minecraft:sugar_cane":10,"minecraft:wall_torch":1,"minecraft:wheat":1,"minecraft:stone_brick_stairs":1,"minecraft:grass":65,"minecraft:oak_log":15,"minecraft:dirt":44,"minecraft:crimson_planks":4,"minecraft:smooth_basalt":60,"minecraft:netherrack":268,"minecraft:ancient_debris":6,"minecraft:deepslate":12,"minecraft:oak_leaves":3,"iceandfire:lightning_lily":4,"minecraft:nether_gold_ore":1,"minecraft:diamond_ore":1,"minecraft:tuff":7,"iceandfire:silver_ore":6,"minecraft:dark_oak_leaves":2,"minecraft:deepslate_diamond_ore":32,"minecraft:dark_oak_log":5,"minecraft:nether_bricks":12,"minecraft:decorated_pot":1,"minecraft:jungle_planks":4,"minecraft:stripped_jungle_wood":8,"minecraft:crimson_roots":2,"minecraft:redstone_wire":2,"iceandfire:deepslate_silver_ore":4,"minecraft:moss_block":9,"minecraft:crimson_stem":8,"minecraft:large_fern":3,"minecraft:black_stained_glass_pane":6,"minecraft:furnace":6,"minecraft:andesite":21,"minecraft:gold_block":1,"minecraft:mossy_stone_brick_stairs":1,"minecraft:deepslate_iron_ore":94,"minecraft:vine":1,"minecraft:stone":466,"minecraft:smithing_table":1,"minecraft:red_wool":1,"minecraft:soul_sand":4,"minecraft:basalt":22,"minecraft:crafting_table":13,"minecraft:sculk_sensor":1,"minecraft:stone_slab":7,"minecraft:copper_ore":2,"minecraft:tall_grass":3,"minecraft:deepslate_coal_ore":3,"minecraft:deepslate_gold_ore":40,"minecraft:polished_blackstone_brick_stairs":3,"minecraft:blue_bed":1,"minecraft:purple_bed":2,"minecraft:cobblestone_wall":14,"minecraft:black_wall_banner":2,"minecraft:spruce_log":27,"gobber2:gobber2_lucky_block_deepslate":29,"minecraft:coal_ore":19,"minecraft:gravel":22,"minecraft:cobweb":2,"minecraft:acacia_planks":6,"minecraft:stone_bricks":1,"minecraft:gold_ore":3,"minecraft:fern":21},"minecraft:broken":{"minecraft:iron_shovel":2,"minecraft:iron_boots":2,"minecraft:iron_leggings":3,"spartanshields:iron_basic_shield":1,"minecraft:shield":1,"minecraft:golden_axe":1,"minecraft:iron_pickaxe":1,"minecraft:iron_helmet":1},"minecraft:picked_up":{"minecraft:iron_chestplate":4,"minecraft:anvil":1,"minecraft:stone_slab":10,"minecraft:smithing_table":1,"minecraft:lead":1,"minecraft:enchanted_book":4,"minecraft:golden_shovel":1,"minecraft:gilded_blackstone":32,"minecraft:stone_brick_stairs":1,"minecraft:crimson_planks":3,"minecraft:golden_sword":1,"iceandfire:manuscript":18,"minecraft:polished_blackstone_brick_stairs":3,"minecraft:string":11,"minecraft:red_nether_bricks":9,"minecraft:iron_leggings":1,"gobber2:gobber2_glass_nether":12,"alexsmobs:blood_sac":3,"minecraft:gold_nugget":33,"minecraft:cobbled_deepslate":16,"minecraft:spruce_planks":23,"minecraft:iron_pickaxe":1,"minecraft:melon_slice":10,"minecraft:iron_boots":1,"minecraft:furnace":6,"minecraft:stick":4,"minecraft:composter":3,"minecraft:torch":11,"minecraft:acacia_log":5,"iceandfire:dragonscales_white":34,"minecraft:porkchop":18,"minecraft:golden_axe":1,"iceandfire:rotten_egg":1,"tombstone:grave_dust":18,"tombstone:tablet_of_cupidity":1,"tombstone:lollipop":6,"gobber2:gobber2_foo":9,"iceandfire:lightning_lily":6,"minecraft:rotten_flesh":45,"minecraft:red_tulip":3,"minecraft:blaze_rod":2,"minecraft:obsidian":4,"minecraft:iron_bars":1,"minecraft:cobblestone":264,"minecraft:pink_petals":4,"iceandfire:sapphire_gem":3,"minecraft:magma_block":1,"minecraft:feather":2,"minecraft:cooked_beef":13,"minecraft:repeater":1,"minecraft:andesite":24,"minecraft:jungle_log":1,"minecraft:potato":1,"paraglider:spirit_orb":8,"minecraft:flint":4,"minecraft:tuff":10,"gobber2:gobber2_gooey_bread_nether":8,"minecraft:dirt":161,"minecraft:name_tag":3,"minecraft:bone":22,"minecraft:acacia_planks":6,"minecraft:bow":3,"gobber2:gobber2_gooey_beef":11,"minecraft:wheat_seeds":11,"minecraft:raw_gold":43,"minecraft:glowstone_dust":35,"minecraft:moss_block":9,"minecraft:oak_planks":12,"minecraft:mossy_stone_brick_stairs":1,"gobber2:gobber2_gooey_bread":2,"minecraft:ghast_tear":1,"gobber2:gobber2_rod_nether":8,"minecraft:cooked_porkchop":5,"minecraft:jungle_planks":6,"minecraft:grass_block":1,"minecraft:dark_oak_log":5,"alexsmobs:animal_dictionary":1,"minecraft:bundle":1,"minecraft:diamond":33,"minecraft:granite":19,"minecraft:netherrack":318,"iceandfire:silver_nugget":28,"gobber2:gobber2_goo":14,"minecraft:crimson_roots":1,"iceandfire:raw_silver":8,"minecraft:diamond_pickaxe":2,"iceandfire:dragon_skull_lightning":2,"minecraft:charcoal":4,"minecraft:shelter_pottery_sherd":1,"minecraft:crafting_table":13,"iceandfire:witherbone":4,"minecraft:brown_mushroom":5,"minecraft:gold_block":1,"minecraft:brick":3,"minecraft:shield":2,"minecraft:iron_axe":1,"minecraft:flint_and_steel":3,"minecraft:iron_shovel":1,"minecraft:blackstone":86,"minecraft:beef":37,"minecraft:oak_boat":7,"minecraft:iron_nugget":10,"minecraft:sugar_cane":26,"minecraft:chest":1,"minecraft:spruce_trapdoor":2,"minecraft:egg":3,"minecraft:raw_iron":124,"iceandfire:dragonbone":33,"minecraft:fire_charge":12,"minecraft:polished_blackstone_bricks":1,"minecraft:redstone":11,"iceandfire:dragon_skull_ice":1,"minecraft:arrow":17,"minecraft:weeping_vines":1,"minecraft:nether_bricks":12,"gobber2:gobber2_gooey_beef_nether":4,"iceandfire:dragonscales_silver":36,"minecraft:black_banner":2,"minecraft:ward_armor_trim_smithing_template":2,"tombstone:essence_of_undeath":1,"sophisticatedbackpacks:copper_backpack":1,"minecraft:netherite_boots":1,"minecraft:basalt":20,"minecraft:glow_ink_sac":9,"minecraft:crimson_stem":8,"gobber2:gobber2_gooey_beefstew":2,"minecraft:leather":17,"minecraft:red_mushroom":6,"minecraft:filled_map":2,"minecraft:oak_log":18,"minecraft:ancient_debris":6,"minecraft:cobblestone_wall":14,"minecraft:golden_boots":1,"minecraft:gunpowder":4,"mowziesmobs:wrought_axe":3,"alexsmobs:mosquito_proboscis":1,"minecraft:blue_bed":1,"minecraft:iron_ingot":12,"tombstone:bag_of_seeds":1,"gobber2:gobber2_gooey_beefstew_nether":2,"minecraft:iron_sword":2,"minecraft:soul_sand":4,"minecraft:smooth_basalt":60,"minecraft:red_wool":1,"minecraft:quartz":49,"minecraft:raw_iron_block":2,"minecraft:gravel":20,"mowziesmobs:wrought_helmet":2,"minecraft:spruce_sapling":1,"minecraft:spruce_log":27,"minecraft:spider_eye":5,"minecraft:purple_bed":2,"minecraft:stone_axe":1,"minecraft:stripped_jungle_wood":8,"iceandfire:ice_dragon_flesh":1,"minecraft:terracotta":2,"tombstone:magic_scroll":1,"minecraft:damaged_anvil":1,"gobber2:gobber2_goo_nether":2,"minecraft:coal":124,"minecraft:ender_pearl":1},"minecraft:crafted":{"minecraft:oak_planks":52,"spartanshields:iron_basic_shield":1,"minecraft:hopper":3,"minecraft:iron_boots":2,"minecraft:chest":6,"minecraft:arrow":4,"minecraft:cooked_porkchop":6,"iceandfire:armor_silver_leggings":1,"minecraft:crafting_table":4,"minecraft:spruce_planks":84,"minecraft:iron_helmet":2,"minecraft:smithing_table":1,"iceandfire:armor_white_boots":2,"minecraft:campfire":2,"minecraft:spruce_trapdoor":2,"minecraft:iron_chestplate":2,"minecraft:book":1,"minecraft:paper":3,"minecraft:diamond_pickaxe":1,"minecraft:shield":2,"iceandfire:armor_white_helmet":2,"minecraft:stick":44,"minecraft:iron_ingot":55,"iceandfire:armor_white_chestplate":1,"minecraft:iron_block":3,"minecraft:gold_ingot":24,"spartanshields:wooden_basic_shield":1,"minecraft:netherite_ingot":1,"minecraft:oak_door":3,"minecraft:raw_iron":18,"minecraft:furnace":2,"minecraft:iron_axe":1,"minecraft:stone_pickaxe":1,"minecraft:cobblestone_wall":24,"minecraft:netherite_scrap":4,"minecraft:dark_oak_planks":20,"minecraft:crimson_planks":32,"minecraft:spruce_sign":3,"minecraft:enchanting_table":1,"minecraft:iron_sword":1,"minecraft:bucket":1,"minecraft:air":0,"minecraft:jungle_planks":36,"minecraft:oak_boat":1,"iceandfire:armor_white_leggings":1,"minecraft:wooden_axe":1,"minecraft:iron_shovel":2,"minecraft:iron_leggings":2,"minecraft:anvil":1,"minecraft:acacia_planks":8,"minecraft:torch":8},"minecraft:custom":{"minecraft:interact_with_crafting_table":66,"minecraft:open_barrel":12,"goblintraders:trade_with_goblin":8,"minecraft:leave_game":5,"minecraft:time_since_death":16075,"minecraft:damage_resisted":64,"minecraft:sprint_one_cm":945781,"minecraft:damage_blocked_by_shield":2745,"minecraft:drop":283,"tombstone:eaten_lollipop":6,"minecraft:talked_to_villager":7,"minecraft:play_time":284407,"minecraft:deaths":52,"minecraft:jump":5613,"minecraft:interact_with_brewingstand":1,"minecraft:walk_on_water_one_cm":47964,"minecraft:interact_with_furnace":51,"minecraft:damage_dealt":19301,"minecraft:crouch_one_cm":147025,"tombstone:undead_killed":57,"minecraft:interact_with_smithing_table":1,"minecraft:interact_with_anvil":3,"minecraft:mob_kills":111,"minecraft:interact_with_campfire":14,"minecraft:climb_one_cm":5753,"minecraft:walk_one_cm":457309,"minecraft:sneak_time":42368,"minecraft:walk_under_water_one_cm":14829,"minecraft:boat_one_cm":85275,"minecraft:interact_with_blast_furnace":5,"minecraft:total_world_time":284407,"tombstone:raider_killed":5,"minecraft:time_since_rest":15851,"minecraft:damage_absorbed":143,"minecraft:damage_taken":22986,"minecraft:trigger_trapped_chest":1,"tombstone:cast_on_ally":2,"minecraft:swim_one_cm":41395,"minecraft:fly_one_cm":972775,"minecraft:open_chest":95,"minecraft:fall_one_cm":180469},"minecraft:dropped":{"minecraft:spruce_sign":2,"minecraft:iron_sword":3,"minecraft:moss_block":1,"minecraft:brown_mushroom":5,"minecraft:cooked_beef":1,"minecraft:oak_log":2,"minecraft:glow_ink_sac":6,"iceandfire:armor_white_helmet":1,"gobber2:gobber2_gooey_beefstew_nether":2,"minecraft:glass_bottle":1,"minecraft:diamond":1,"minecraft:cooked_porkchop":1,"minecraft:weeping_vines":11,"minecraft:leather":4,"minecraft:jungle_planks":3,"minecraft:red_wool":1,"minecraft:red_mushroom":6,"paraglider:spirit_orb":1,"minecraft:flint":4,"minecraft:dirt":8,"gobber2:gobber2_goo_nether":2,"minecraft:polished_blackstone_brick_stairs":2,"minecraft:crimson_roots":1,"minecraft:gold_nugget":10,"minecraft:polished_blackstone_bricks":2,"gobber2:gobber2_goo":8,"minecraft:small_amethyst_bud":5,"minecraft:bone":2,"minecraft:gravel":12,"minecraft:iron_nugget":10,"minecraft:cobbled_deepslate":1,"alexsmobs:animal_dictionary":2,"iceandfire:armor_white_boots":1,"minecraft:rotten_flesh":48,"minecraft:oak_planks":11,"gobber2:gobber2_gooey_beefstew":1,"minecraft:ward_armor_trim_smithing_template":1,"iceandfire:sapphire_gem":3,"alexsmobs:blood_sac":3,"minecraft:gunpowder":4,"minecraft:charcoal":4,"minecraft:melon_seeds":4,"minecraft:iron_bars":1,"minecraft:arrow":6,"minecraft:beef":5,"minecraft:quartz":14,"minecraft:netherrack":1,"alexsmobs:mosquito_proboscis":1,"minecraft:enchanted_book":7,"minecraft:shelter_pottery_sherd":1,"minecraft:wheat_seeds":12,"gobber2:gobber2_foo":9,"minecraft:iron_helmet":2,"minecraft:feather":2,"minecraft:cobblestone":9,"minecraft:disc_fragment_5":2,"minecraft:coal":3,"minecraft:grass_block":1,"gobber2:gobber2_glass_nether":9,"mowziesmobs:wrought_axe":2,"minecraft:stick":4,"minecraft:repeater":2,"iceandfire:lightning_lily":2,"minecraft:wooden_axe":1,"tombstone:grave_dust":7,"iceandfire:armor_white_leggings":1,"mowziesmobs:wrought_helmet":1,"minecraft:iron_shovel":1,"minecraft:string":8,"minecraft:pink_petals":5,"iceandfire:armor_white_chestplate":1,"minecraft:smooth_basalt":2,"minecraft:redstone":12,"iceandfire:silver_nugget":28,"minecraft:moss_carpet":2,"minecraft:cobblestone_wall":5,"minecraft:tuff":4,"minecraft:stone_slab":7,"minecraft:nether_bricks":2,"minecraft:torchflower_seeds":3,"minecraft:flint_and_steel":1,"minecraft:filled_map":3,"minecraft:potato":1,"minecraft:shield":3,"minecraft:spruce_planks":1,"minecraft:bundle":1,"minecraft:iron_chestplate":5,"minecraft:diamond_pickaxe":2,"minecraft:andesite":2,"minecraft:golden_sword":2,"minecraft:spider_eye":4,"sophisticatedbackpacks:copper_backpack":2,"minecraft:bow":2,"minecraft:stone_pickaxe":1,"minecraft:red_tulip":3,"minecraft:magma_block":1,"iceandfire:dragon_skull_lightning":1,"minecraft:brick":3,"minecraft:terracotta":2},"minecraft:killed_by":{"minecraft:ghast":1,"minecraft:wither_skeleton":5,"minecraft:creeper":5,"iceandfire:ice_dragon":16,"minecraft:blaze":1,"minecraft:zombie":4,"mowziesmobs:ferrous_wroughtnaut":3,"minecraft:hoglin":1,"minecraft:skeleton":3,"alexsmobs:crimson_mosquito":2,"mowziesmobs:foliaath":1},"minecraft:used":{"minecraft:moss_block":8,"minecraft:iron_shovel":505,"minecraft:chest":4,"gobber2:gobber2_gooey_bread":2,"minecraft:shield":19,"minecraft:iron_sword":209,"tombstone:lollipop":6,"minecraft:jungle_planks":35,"minecraft:nether_bricks":10,"gobber2:gobber2_glass_nether":3,"minecraft:tuff":6,"minecraft:lava_bucket":8,"minecraft:iron_helmet":1,"minecraft:golden_sword":17,"minecraft:bow":59,"spartanshields:iron_basic_shield":2,"minecraft:furnace":6,"minecraft:egg":3,"minecraft:damaged_anvil":1,"minecraft:oak_planks":5,"minecraft:stone_pickaxe":36,"minecraft:blackstone":74,"minecraft:composter":3,"minecraft:blue_bed":1,"gobber2:gobber2_gooey_bread_nether":8,"gobber2:gobber2_gooey_beefstew":1,"minecraft:melon_slice":10,"minecraft:bread":17,"tombstone:grave_key":13,"minecraft:diamond_ore":1,"minecraft:smithing_table":1,"minecraft:andesite":22,"minecraft:oak_boat":7,"minecraft:experience_bottle":1,"minecraft:enchanting_table":1,"minecraft:flint_and_steel":7,"minecraft:spruce_planks":28,"minecraft:netherrack":317,"minecraft:torch":19,"minecraft:dirt":152,"minecraft:anvil":2,"minecraft:hopper":3,"minecraft:cobblestone_wall":33,"minecraft:granite":19,"minecraft:dark_oak_planks":21,"minecraft:wooden_axe":34,"minecraft:iron_axe":53,"minecraft:polished_blackstone_brick_stairs":1,"minecraft:iron_boots":1,"minecraft:crimson_planks":35,"minecraft:smooth_basalt":58,"gobber2:gobber2_gooey_beef":1,"minecraft:basalt":20,"minecraft:beef":1,"tombstone:gift":8,"minecraft:cooked_beef":22,"minecraft:cobbled_deepslate":12,"minecraft:acacia_planks":14,"minecraft:enchanted_golden_apple":1,"minecraft:golden_axe":22,"minecraft:iron_leggings":1,"minecraft:water_bucket":45,"minecraft:red_nether_bricks":9,"minecraft:spruce_sign":4,"iceandfire:armor_silver_leggings":1,"minecraft:crafting_table":17,"minecraft:campfire":2,"mowziesmobs:wrought_axe":144,"tombstone:bag_of_seeds":1,"minecraft:diamond_pickaxe":1215,"minecraft:apple":13,"tombstone:magic_scroll":2,"minecraft:iron_pickaxe":251,"minecraft:stone_slab":5,"minecraft:spruce_trapdoor":2,"minecraft:stone_axe":1,"minecraft:potion":1,"minecraft:cobblestone":213,"minecraft:purple_bed":2,"minecraft:cooked_porkchop":13,"minecraft:bucket":53,"alexsmobs:animal_dictionary":1,"gobber2:gobber2_gooey_beef_nether":4}},"DataVersion":3465}