{"stats":{"minecraft:mined":{"minecraft:dark_oak_planks":1,"minecraft:deepslate_diamond_ore":12,"minecraft:chiseled_polished_blackstone":1,"minecraft:cracked_polished_blackstone_bricks":27,"minecraft:moss_block":11,"minecraft:rooted_dirt":1,"minecraft:hay_block":1,"minecraft:polished_blackstone_bricks":12,"minecraft:furnace":3,"minecraft:iron_ore":16,"minecraft:fire":1,"minecraft:cobbled_deepslate":8,"minecraft:moss_carpet":2,"minecraft:gold_block":11,"minecraft:deepslate_iron_ore":24,"minecraft:stone":28,"minecraft:flowering_azalea":1,"minecraft:blackstone":27,"minecraft:crafting_table":5,"minecraft:chest":1,"minecraft:tall_grass":3,"minecraft:cobblestone":5,"minecraft:deepslate_gold_ore":6,"minecraft:oak_planks":2,"minecraft:big_dripleaf":1,"minecraft:birch_planks":5,"minecraft:birch_log":3,"minecraft:lilac":2,"gobber2:gobber2_lucky_block_deepslate":5,"minecraft:grass":8,"minecraft:coal_ore":8,"minecraft:gravel":23,"minecraft:netherrack":140,"minecraft:deepslate":13},"minecraft:custom":{"minecraft:mob_kills":30,"minecraft:interact_with_crafting_table":17,"minecraft:time_since_death":854,"minecraft:climb_one_cm":437,"minecraft:sprint_one_cm":192821,"minecraft:walk_one_cm":106316,"minecraft:damage_blocked_by_shield":1215,"minecraft:drop":60,"tombstone:eaten_lollipop":2,"minecraft:play_time":75087,"minecraft:deaths":17,"minecraft:sneak_time":10090,"minecraft:walk_under_water_one_cm":2924,"minecraft:jump":1522,"minecraft:walk_on_water_one_cm":7741,"minecraft:total_world_time":75087,"minecraft:interact_with_furnace":10,"minecraft:time_since_rest":713,"minecraft:damage_taken":6064,"minecraft:damage_dealt":5783,"tombstone:cast_on_ally":0,"minecraft:swim_one_cm":983,"minecraft:fly_one_cm":212782,"minecraft:player_kills":2,"minecraft:open_chest":13,"minecraft:crouch_one_cm":30793,"tombstone:undead_killed":7,"minecraft:fall_one_cm":53766},"minecraft:used":{"tombstone:scroll_of_unstable_intangibility":1,"minecraft:stone_sword":11,"minecraft:flint_and_steel":1,"gobber2:gobber2_gooey_bread":2,"minecraft:iron_sword":91,"tombstone:lollipop":2,"minecraft:netherrack":92,"minecraft:iron_chestplate":1,"minecraft:wooden_axe":25,"minecraft:dark_oak_planks":25,"minecraft:lava_bucket":10,"minecraft:iron_axe":2,"dynamictrees:birch_seed":5,"minecraft:iron_boots":1,"minecraft:bow":15,"spartanshields:iron_basic_shield":14,"minecraft:furnace":3,"tombstone:gift":4,"dynamictrees:dark_oak_seed":5,"minecraft:cobbled_deepslate":11,"minecraft:water_bucket":28,"minecraft:birch_planks":27,"minecraft:stone_pickaxe":63,"minecraft:oak_planks":2,"minecraft:blackstone":1,"minecraft:wooden_pickaxe":5,"minecraft:brown_mushroom":1,"minecraft:polished_blackstone_bricks":7,"minecraft:crafting_table":7,"minecraft:diamond_pickaxe":37,"minecraft:bread":14,"minecraft:cracked_polished_blackstone_bricks":7,"minecraft:chicken":3,"minecraft:iron_pickaxe":251,"tombstone:magic_scroll":1,"tombstone:grave_key":14,"minecraft:lilac":2,"minecraft:cobblestone":20,"minecraft:cooked_porkchop":1,"minecraft:bucket":40},"minecraft:killed_by":{"minecraft:player":1,"minecraft:piglin_brute":5,"minecraft:pillager":1,"minecraft:piglin":4,"alexsmobs:centipede_head":1,"minecraft:skeleton":2,"minecraft:zombie":1},"minecraft:dropped":{"minecraft:moss_block":9,"minecraft:brown_mushroom":4,"minecraft:wheat_seeds":2,"minecraft:lilac":1,"dynamictrees:birch_seed":3,"minecraft:feather":3,"minecraft:rooted_dirt":1,"minecraft:stick":2,"minecraft:dark_oak_log":5,"minecraft:wooden_axe":2,"tombstone:grave_dust":6,"minecraft:flowering_azalea":1,"gobber2:gobber2_goo":2,"minecraft:string":2,"minecraft:pink_tulip":1,"minecraft:moss_carpet":3,"minecraft:stone_sword":1,"alexsmobs:animal_dictionary":1,"minecraft:nether_brick":8,"minecraft:rotten_flesh":6,"gobber2:gobber2_gooey_beefstew":1,"minecraft:big_dripleaf":2,"minecraft:chest":1,"minecraft:stone_pickaxe":1,"minecraft:wooden_pickaxe":1},"minecraft:broken":{"minecraft:iron_pickaxe":1},"minecraft:crafted":{"minecraft:furnace":1,"minecraft:flint_and_steel":1,"spartanshields:iron_basic_shield":1,"minecraft:iron_boots":1,"minecraft:iron_axe":1,"minecraft:stone_pickaxe":1,"minecraft:dark_oak_planks":24,"minecraft:wheat":9,"minecraft:crafting_table":3,"minecraft:wooden_pickaxe":1,"minecraft:iron_helmet":1,"minecraft:iron_sword":1,"minecraft:bucket":1,"minecraft:birch_planks":12,"minecraft:bread":6,"minecraft:air":0,"minecraft:iron_chestplate":1,"minecraft:diamond_pickaxe":1,"minecraft:stick":8,"minecraft:iron_pickaxe":1,"minecraft:iron_ingot":39,"minecraft:wooden_axe":2,"minecraft:stone_sword":1,"minecraft:iron_leggings":1,"spartanshields:wooden_basic_shield":1},"minecraft:killed":{"minecraft:zombified_piglin":4,"alexsmobs:sugar_glider":1,"minecraft:skeleton":3,"minecraft:chicken":1,"minecraft:piglin_brute":4,"minecraft:piglin":16,"minecraft:strider":1},"minecraft:picked_up":{"minecraft:crafting_table":5,"minecraft:wheat":9,"minecraft:chicken":3,"minecraft:brown_mushroom":5,"minecraft:gold_block":11,"minecraft:nether_brick":8,"minecraft:golden_sword":1,"minecraft:string":4,"minecraft:moss_carpet":3,"minecraft:blackstone":23,"dynamictrees:dark_oak_seed":5,"minecraft:gold_nugget":2,"minecraft:cobbled_deepslate":19,"minecraft:chest":1,"minecraft:furnace":3,"minecraft:raw_iron":40,"minecraft:stick":12,"minecraft:big_dripleaf":2,"minecraft:polished_blackstone_bricks":12,"tombstone:grave_dust":8,"tombstone:lollipop":2,"minecraft:dark_oak_planks":1,"minecraft:arrow":12,"minecraft:rotten_flesh":6,"minecraft:pumpkin_pie":3,"minecraft:hay_block":1,"minecraft:pink_tulip":1,"minecraft:cobblestone":33,"minecraft:birch_log":3,"minecraft:feather":3,"minecraft:lilac":3,"gobber2:gobber2_gooey_beefstew":1,"minecraft:birch_planks":44,"minecraft:flint":1,"minecraft:bone":5,"minecraft:apple":4,"minecraft:bow":1,"minecraft:wheat_seeds":1,"minecraft:raw_gold":6,"minecraft:iron_ingot":1,"dynamictrees:birch_seed":7,"minecraft:moss_block":9,"minecraft:oak_planks":2,"minecraft:flowering_azalea":1,"gobber2:gobber2_gooey_bread":2,"minecraft:chiseled_polished_blackstone":1,"minecraft:gravel":36,"minecraft:dark_oak_log":39,"alexsmobs:animal_dictionary":1,"minecraft:diamond":12,"minecraft:cracked_polished_blackstone_bricks":27,"minecraft:crossbow":1,"minecraft:bread":6,"minecraft:rooted_dirt":1,"minecraft:netherrack":133,"minecraft:coal":19,"gobber2:gobber2_goo":5}},"DataVersion":3465}