{"stats":{"minecraft:broken":{"minecraft:iron_pickaxe":1},"minecraft:killed_by":{"minecraft:player":1,"minecraft:piglin_brute":5,"born_in_chaos_v1:glutton_fish":1,"minecraft:pillager":1,"born_in_chaos_v1:decaying_zombie":1,"minecraft:piglin":4,"alexsmobs:centipede_head":1,"minecraft:skeleton":2,"minecraft:zombie":1},"minecraft:killed":{"minecraft:zombified_piglin":4,"alexsmobs:sugar_glider":1,"minecraft:skeleton":3,"minecraft:chicken":1,"minecraft:piglin_brute":4,"minecraft:piglin":16,"minecraft:strider":1},"minecraft:used":{"tombstone:scroll_of_unstable_intangibility":1,"minecraft:stone_sword":11,"minecraft:flint_and_steel":1,"gobber2:gobber2_gooey_bread":2,"minecraft:iron_sword":92,"tombstone:lollipop":2,"minecraft:netherrack":199,"minecraft:iron_chestplate":1,"minecraft:dirt":1,"minecraft:dark_oak_planks":25,"minecraft:wooden_axe":25,"minecraft:lava_bucket":10,"minecraft:iron_axe":2,"dynamictrees:birch_seed":5,"minecraft:iron_boots":1,"minecraft:bow":15,"spartanshields:iron_basic_shield":14,"minecraft:furnace":3,"tombstone:gift":4,"dynamictrees:dark_oak_seed":5,"minecraft:cobbled_deepslate":11,"minecraft:yellow_banner":1,"minecraft:water_bucket":28,"minecraft:birch_planks":27,"minecraft:oak_planks":2,"minecraft:stone_pickaxe":63,"minecraft:blackstone":1,"minecraft:wooden_pickaxe":5,"minecraft:brown_mushroom":1,"minecraft:polished_blackstone_bricks":7,"justhammers:diamond_hammer":9,"minecraft:crafting_table":8,"minecraft:diamond_pickaxe":105,"minecraft:chicken":3,"minecraft:cracked_polished_blackstone_bricks":7,"minecraft:bread":14,"minecraft:iron_pickaxe":251,"tombstone:magic_scroll":1,"tombstone:grave_key":14,"minecraft:lilac":2,"minecraft:cobblestone":20,"minecraft:cooked_porkchop":2,"minecraft:bucket":40},"minecraft:mined":{"minecraft:dark_oak_planks":1,"minecraft:deepslate_diamond_ore":12,"minecraft:chiseled_polished_blackstone":4,"minecraft:grass_block":2,"minecraft:cracked_polished_blackstone_bricks":27,"minecraft:kelp":1,"minecraft:moss_block":11,"minecraft:rooted_dirt":1,"minecraft:hay_block":1,"minecraft:polished_blackstone_bricks":12,"minecraft:furnace":3,"minecraft:iron_ore":16,"minecraft:cobbled_deepslate":8,"minecraft:fire":1,"minecraft:moss_carpet":2,"minecraft:gold_block":11,"minecraft:deepslate_iron_ore":24,"minecraft:stone":28,"minecraft:flowering_azalea":1,"minecraft:blackstone":27,"minecraft:crafting_table":5,"minecraft:chest":1,"minecraft:nether_quartz_ore":9,"minecraft:tall_grass":3,"minecraft:cobblestone":5,"minecraft:deepslate_gold_ore":6,"minecraft:oak_planks":2,"minecraft:big_dripleaf":1,"minecraft:birch_planks":5,"minecraft:birch_log":3,"minecraft:lilac":2,"biomesoplenty:large_rose_quartz_bud":1,"gobber2:gobber2_lucky_block_deepslate":5,"minecraft:grass":8,"minecraft:coal_ore":8,"minecraft:dirt":3,"minecraft:gravel":23,"minecraft:netherrack":195,"minecraft:fern":1,"minecraft:deepslate":13},"minecraft:dropped":{"minecraft:moss_block":9,"minecraft:brown_mushroom":4,"minecraft:wheat_seeds":2,"minecraft:lilac":1,"dynamictrees:birch_seed":3,"minecraft:feather":3,"minecraft:rooted_dirt":1,"minecraft:stick":2,"minecraft:dark_oak_log":5,"minecraft:wooden_axe":2,"tombstone:grave_dust":10,"minecraft:flowering_azalea":1,"minecraft:polished_blackstone_bricks":4,"gobber2:gobber2_goo":2,"minecraft:string":2,"minecraft:pink_tulip":1,"minecraft:gravel":16,"minecraft:chiseled_polished_blackstone":3,"minecraft:moss_carpet":3,"minecraft:stone_sword":1,"alexsmobs:animal_dictionary":1,"minecraft:nether_brick":8,"born_in_chaos_v1:ethereal_spirit":1,"minecraft:rotten_flesh":11,"minecraft:clay_ball":5,"gobber2:gobber2_gooey_beefstew":1,"born_in_chaos_v1:smoldering_infernal_ember":1,"minecraft:big_dripleaf":2,"minecraft:chest":1,"minecraft:stone_pickaxe":1,"minecraft:wooden_pickaxe":1},"minecraft:picked_up":{"minecraft:crafting_table":6,"minecraft:wheat":9,"minecraft:chicken":3,"minecraft:clay_ball":5,"minecraft:brown_mushroom":5,"minecraft:gold_block":11,"minecraft:nether_brick":8,"minecraft:golden_sword":1,"minecraft:string":4,"minecraft:moss_carpet":3,"minecraft:blackstone":23,"dynamictrees:dark_oak_seed":5,"minecraft:gold_nugget":2,"minecraft:cobbled_deepslate":19,"born_in_chaos_v1:smoldering_infernal_ember":1,"minecraft:chest":1,"minecraft:furnace":3,"minecraft:stick":12,"minecraft:raw_iron":40,"minecraft:jungle_door":1,"minecraft:big_dripleaf":2,"minecraft:torch":2,"minecraft:polished_blackstone_bricks":16,"tombstone:grave_dust":8,"tombstone:lollipop":2,"minecraft:dark_oak_planks":1,"minecraft:yellow_banner":1,"gobber2:gobber2_globette_nether":21,"minecraft:arrow":12,"minecraft:rotten_flesh":16,"minecraft:pumpkin_pie":3,"minecraft:hay_block":1,"minecraft:pink_tulip":1,"minecraft:cobblestone":33,"minecraft:birch_log":3,"minecraft:magma_block":1,"minecraft:feather":3,"minecraft:lilac":3,"minecraft:jungle_log":3,"gobber2:gobber2_gooey_beefstew":1,"minecraft:jungle_wood":1,"minecraft:birch_planks":44,"minecraft:flint":1,"minecraft:dirt":5,"minecraft:bone":5,"minecraft:apple":4,"minecraft:bow":1,"minecraft:wheat_seeds":1,"minecraft:raw_gold":6,"dynamictrees:birch_seed":7,"minecraft:iron_ingot":1,"minecraft:moss_block":9,"minecraft:oak_planks":2,"minecraft:flowering_azalea":1,"gobber2:gobber2_gooey_bread":2,"minecraft:chiseled_polished_blackstone":4,"born_in_chaos_v1:ethereal_spirit":1,"minecraft:quartz":9,"minecraft:gravel":36,"alexsmobs:animal_dictionary":1,"minecraft:dark_oak_log":39,"minecraft:diamond":12,"minecraft:cracked_polished_blackstone_bricks":27,"minecraft:crossbow":1,"minecraft:bread":6,"minecraft:rooted_dirt":1,"minecraft:netherrack":218,"minecraft:coal":19,"gobber2:gobber2_goo":5},"minecraft:crafted":{"minecraft:furnace":1,"minecraft:flint_and_steel":1,"spartanshields:iron_basic_shield":1,"minecraft:iron_boots":1,"minecraft:iron_axe":1,"minecraft:stone_pickaxe":1,"justhammers:diamond_hammer":1,"minecraft:dark_oak_planks":24,"minecraft:wheat":9,"minecraft:crafting_table":3,"minecraft:wooden_pickaxe":1,"minecraft:iron_helmet":1,"minecraft:iron_sword":1,"minecraft:birch_planks":12,"minecraft:bucket":1,"minecraft:bread":6,"minecraft:air":0,"minecraft:iron_chestplate":1,"minecraft:diamond_pickaxe":1,"minecraft:stick":8,"minecraft:iron_ingot":39,"minecraft:iron_pickaxe":1,"minecraft:wooden_axe":2,"minecraft:stone_sword":1,"minecraft:iron_leggings":1,"spartanshields:wooden_basic_shield":1},"minecraft:custom":{"minecraft:mob_kills":30,"minecraft:interact_with_crafting_table":18,"minecraft:leave_game":4,"minecraft:time_since_death":2338,"minecraft:climb_one_cm":437,"minecraft:sprint_one_cm":233082,"minecraft:walk_one_cm":130603,"minecraft:damage_blocked_by_shield":1215,"minecraft:drop":81,"tombstone:eaten_lollipop":2,"minecraft:play_time":96289,"minecraft:deaths":21,"minecraft:sneak_time":13144,"minecraft:walk_under_water_one_cm":13911,"minecraft:jump":1747,"minecraft:walk_on_water_one_cm":11585,"minecraft:total_world_time":96289,"minecraft:interact_with_furnace":10,"minecraft:time_since_rest":638,"minecraft:damage_taken":7176,"minecraft:damage_dealt":5803,"tombstone:cast_on_ally":0,"minecraft:swim_one_cm":1558,"minecraft:fly_one_cm":242550,"minecraft:player_kills":2,"minecraft:open_chest":14,"minecraft:crouch_one_cm":40318,"tombstone:undead_killed":7,"minecraft:fall_one_cm":61337}},"DataVersion":3465}