{"stats":{"minecraft:mined":{"minecraft:dark_oak_planks":11,"minecraft:chiseled_polished_blackstone":4,"minecraft:grass_block":2,"gobber2:gobber2_ore_deepslate":1,"minecraft:cracked_polished_blackstone_bricks":27,"minecraft:light_gray_bed":6,"minecraft:spawner":1,"minecraft:polished_blackstone_bricks":12,"minecraft:barrel":1,"minecraft:cobbled_deepslate":8,"minecraft:iron_ore":37,"minecraft:fire":4,"minecraft:moss_carpet":2,"minecraft:stripped_dark_oak_wood":1,"minecraft:dark_oak_stairs":1,"minecraft:iron_bars":1,"minecraft:spruce_slab":11,"minecraft:blackstone":27,"minecraft:torch":5,"minecraft:blast_furnace":4,"minecraft:calcite":2,"minecraft:melon":6,"minecraft:chest":1,"minecraft:nether_quartz_ore":9,"minecraft:cobblestone":14,"minecraft:cyan_bed":2,"minecraft:sugar_cane":4,"minecraft:oak_planks":2,"minecraft:wall_torch":8,"minecraft:birch_log":3,"minecraft:lilac":2,"biomesoplenty:large_rose_quartz_bud":1,"minecraft:grass":20,"minecraft:oak_log":1,"minecraft:dirt":3,"minecraft:netherrack":197,"minecraft:oak_leaves":3,"minecraft:deepslate":17,"minecraft:deepslate_diamond_ore":12,"biomesoplenty:desert_grass":1,"minecraft:crimson_roots":1,"iceandfire:deepslate_silver_ore":1,"minecraft:kelp":1,"minecraft:moss_block":11,"minecraft:rooted_dirt":1,"epicpaladins:deepslate_arclight_ore":3,"minecraft:hay_block":1,"minecraft:furnace":3,"minecraft:raw_gold_block":1,"dynamictrees:dark_oak_leaves":4,"minecraft:andesite":5,"minecraft:gold_block":11,"minecraft:bookshelf":9,"minecraft:deepslate_iron_ore":24,"minecraft:stone":34,"orcz:scrapblock":3,"minecraft:flowering_azalea":1,"minecraft:crafting_table":8,"minecraft:tall_grass":3,"minecraft:dried_kelp_block":10,"minecraft:lapis_ore":4,"minecraft:deepslate_gold_ore":7,"minecraft:diorite":2,"minecraft:big_dripleaf":1,"minecraft:birch_planks":5,"simpleores:deepslate_mythril_ore":1,"gobber2:gobber2_lucky_block_deepslate":5,"minecraft:coal_ore":8,"minecraft:gravel":23,"minecraft:gold_ore":2,"minecraft:fern":4},"minecraft:killed_by":{"minecraft:piglin_brute":5,"born_in_chaos_v1:glutton_fish":1,"minecraft:pillager":1,"minecraft:drowned":1,"iceandfire:sea_serpent":2,"minecraft:piglin":4,"minecraft:zombie":2,"minecraft:husk":1,"orcz:goblin_2sword":1,"minecraft:player":1,"born_in_chaos_v1:decaying_zombie":1,"alexsmobs:centipede_head":1,"mutantmonsters:mutant_skeleton":1,"minecraft:skeleton":2,"iceandfire:lightning_dragon":1},"minecraft:dropped":{"iceandfire:raw_silver":1,"minecraft:moss_block":9,"minecraft:brown_mushroom":4,"minecraft:dark_oak_stairs":1,"born_in_chaos_v1:mint_candy":1,"minecraft:crossbow":1,"minecraft:red_nether_brick_slab":6,"minecraft:rooted_dirt":1,"born_in_chaos_v1:monster_flesh":1,"minecraft:cracked_polished_blackstone_bricks":20,"minecraft:dirt":4,"minecraft:dark_oak_log":5,"born_in_chaos_v1:phantom_powder":4,"minecraft:mutton":2,"minecraft:crimson_roots":1,"minecraft:gold_nugget":2,"minecraft:polished_blackstone_bricks":9,"gobber2:gobber2_goo":2,"gobber2:gobber2_gooey_bread":2,"minecraft:bone":7,"minecraft:gravel":36,"minecraft:chiseled_polished_blackstone":4,"minecraft:blackstone":22,"alexsmobs:gazelle_horn":1,"minecraft:cobbled_deepslate":13,"born_in_chaos_v1:fire_dust":3,"alexsmobs:animal_dictionary":1,"minecraft:nether_brick":8,"minecraft:obsidian":2,"born_in_chaos_v1:ethereal_spirit":1,"tombstone:gift":1,"minecraft:rotten_flesh":24,"gobber2:gobber2_gooey_beefstew":1,"minecraft:poppy":1,"minecraft:jungle_log":3,"minecraft:chest":1,"minecraft:arrow":1,"minecraft:quartz":9,"born_in_chaos_v1:intoxicating_decoction":1,"minecraft:wheat_seeds":4,"minecraft:lilac":1,"dynamictrees:birch_seed":3,"dynamictrees:dark_oak_seed":3,"minecraft:feather":3,"minecraft:jungle_wood":1,"minecraft:stick":2,"minecraft:diorite":2,"minecraft:wooden_axe":2,"minecraft:jungle_door":1,"born_in_chaos_v1:stimulating_decoction":1,"tombstone:grave_dust":15,"minecraft:flowering_azalea":1,"minecraft:string":5,"simpleores:raw_mythril":1,"minecraft:pink_tulip":1,"minecraft:furnace":1,"minecraft:moss_carpet":3,"minecraft:kelp":1,"minecraft:stone_sword":1,"minecraft:clay_ball":5,"minecraft:stone_slab":24,"born_in_chaos_v1:smoldering_infernal_ember":3,"minecraft:big_dripleaf":2,"simpleores:raw_tin":23,"minecraft:andesite":2,"born_in_chaos_v1:sweet_sword":1,"minecraft:spider_eye":1,"minecraft:bow":1,"minecraft:stone_pickaxe":1,"minecraft:wooden_pickaxe":1,"minecraft:magma_block":1},"minecraft:custom":{"minecraft:interact_with_crafting_table":32,"minecraft:open_barrel":69,"goblintraders:trade_with_goblin":39,"minecraft:leave_game":6,"minecraft:time_since_death":1071,"minecraft:damage_resisted":474,"minecraft:sprint_one_cm":429370,"minecraft:damage_blocked_by_shield":1215,"minecraft:drop":162,"tombstone:eaten_lollipop":2,"minecraft:talked_to_villager":5,"minecraft:play_time":186453,"minecraft:deaths":32,"minecraft:jump":3131,"minecraft:walk_on_water_one_cm":41375,"tombstone:steal_effect":14,"minecraft:interact_with_furnace":10,"tombstone:sneak_grave":1,"minecraft:damage_dealt":14917,"minecraft:player_kills":2,"minecraft:crouch_one_cm":65316,"tombstone:undead_killed":22,"minecraft:interact_with_smoker":13,"minecraft:mob_kills":72,"minecraft:damage_dealt_resisted":6614,"minecraft:climb_one_cm":651,"minecraft:walk_one_cm":256205,"minecraft:damage_dealt_absorbed":0,"minecraft:sneak_time":21682,"minecraft:walk_under_water_one_cm":39029,"minecraft:boat_one_cm":6812,"minecraft:interact_with_blast_furnace":10,"minecraft:total_world_time":186453,"minecraft:time_since_rest":897,"minecraft:damage_taken":13043,"minecraft:damage_absorbed":80,"tombstone:cast_on_ally":0,"minecraft:swim_one_cm":23487,"minecraft:fly_one_cm":456788,"minecraft:open_chest":58,"minecraft:fall_one_cm":121054},"minecraft:broken":{"minecraft:iron_boots":1,"minecraft:iron_chestplate":1,"minecraft:iron_leggings":1,"minecraft:iron_pickaxe":1,"minecraft:iron_helmet":1},"minecraft:picked_up":{"minecraft:wheat":9,"minecraft:stone_slab":24,"minecraft:nether_brick":8,"minecraft:golden_sword":1,"born_in_chaos_v1:holiday_candy":3,"alexsmobs:gazelle_horn":1,"minecraft:string":9,"minecraft:red_nether_bricks":6,"dynamictrees:dark_oak_seed":8,"minecraft:gold_nugget":2,"minecraft:cobbled_deepslate":77,"born_in_chaos_v1:smoldering_infernal_ember":3,"simpleores:raw_tin":23,"minecraft:calcite":105,"born_in_chaos_v1:stimulating_decoction":1,"minecraft:melon_slice":30,"minecraft:furnace":3,"minecraft:stick":25,"orcz:orcskull":1,"minecraft:jungle_door":1,"epicpaladins:arclight_gem":11,"minecraft:big_dripleaf":2,"born_in_chaos_v1:phantom_powder":4,"minecraft:torch":18,"minecraft:porkchop":6,"minecraft:diorite":2,"tombstone:grave_dust":12,"tombstone:lollipop":2,"minecraft:yellow_banner":1,"epicpaladins:cryorium_gem":8,"minecraft:light_gray_bed":6,"minecraft:rotten_flesh":26,"born_in_chaos_v1:sweet_sword":2,"minecraft:obsidian":66,"minecraft:iron_bars":1,"minecraft:cobblestone":359,"minecraft:birch_log":3,"minecraft:magma_block":1,"minecraft:leather_chestplate":1,"minecraft:feather":3,"minecraft:lilac":3,"orcz:orcteeth":2,"minecraft:andesite":118,"born_in_chaos_v1:spiritual_dust":1,"minecraft:jungle_log":3,"minecraft:dark_oak_boat":1,"minecraft:jungle_wood":1,"minecraft:flint":1,"minecraft:lapis_lazuli":30,"minecraft:dirt":5,"simpleores:raw_mythril":1,"minecraft:bone":12,"minecraft:bow":2,"minecraft:wheat_seeds":3,"minecraft:raw_gold":9,"gobber2:gobber2_globette":17,"minecraft:moss_block":9,"born_in_chaos_v1:mint_candy":1,"minecraft:oak_planks":2,"gobber2:gobber2_gooey_bread":4,"minecraft:chiseled_polished_blackstone":4,"minecraft:cyan_bed":2,"minecraft:barrel":1,"alexsmobs:animal_dictionary":1,"minecraft:dark_oak_log":62,"born_in_chaos_v1:fire_dust":3,"minecraft:diamond":12,"minecraft:cracked_polished_blackstone_bricks":27,"minecraft:crossbow":1,"minecraft:bread":6,"orcz:ironscrap":18,"minecraft:rooted_dirt":1,"minecraft:netherrack":220,"iceandfire:raw_silver":1,"gobber2:gobber2_goo":5,"minecraft:crimson_roots":1,"iceandfire:dragon_skull_lightning":1,"minecraft:crafting_table":9,"minecraft:chicken":3,"minecraft:clay_ball":5,"minecraft:brown_mushroom":5,"minecraft:gold_block":11,"minecraft:moss_carpet":3,"born_in_chaos_v1:intoxicating_decoction":1,"minecraft:blackstone":23,"simpleores:raw_adamantium":4,"minecraft:beef":3,"minecraft:iron_nugget":10,"minecraft:spruce_slab":11,"minecraft:sugar_cane":9,"minecraft:chest":1,"minecraft:raw_iron":138,"iceandfire:dragonbone":14,"minecraft:raw_gold_block":1,"minecraft:polished_blackstone_bricks":16,"minecraft:redstone":4,"minecraft:dark_oak_planks":11,"gobber2:gobber2_globette_nether":21,"minecraft:arrow":16,"minecraft:pumpkin_pie":3,"minecraft:hay_block":1,"minecraft:pink_tulip":1,"minecraft:stripped_dark_oak_wood":1,"minecraft:gold_ingot":1,"minecraft:mutton":5,"minecraft:white_wool":2,"born_in_chaos_v1:corpse_maggot":5,"born_in_chaos_v1:monster_flesh":1,"gobber2:gobber2_gooey_beefstew":1,"minecraft:birch_planks":44,"minecraft:oak_log":1,"minecraft:apple":4,"minecraft:iron_ingot":3,"dynamictrees:birch_seed":7,"tombstone:scroll_of_frost_resistance":1,"minecraft:flowering_azalea":1,"minecraft:dark_oak_stairs":1,"minecraft:book":27,"minecraft:quartz":9,"born_in_chaos_v1:ethereal_spirit":1,"minecraft:gravel":36,"minecraft:blast_furnace":4,"minecraft:spider_eye":1,"minecraft:dried_kelp_block":10,"born_in_chaos_v1:rotten_infernal_pumpkin":1,"minecraft:red_nether_brick_slab":6,"minecraft:coal":91},"minecraft:killed":{"orcz:goblinshield":1,"minecraft:zombified_piglin":4,"minecraft:spider":2,"minecraft:skeleton":6,"minecraft:chicken":1,"orcz:squig":1,"minecraft:piglin_brute":4,"born_in_chaos_v1:firelight_not_despawn":3,"minecraft:piglin":16,"minecraft:pig":3,"minecraft:zombie_villager":3,"born_in_chaos_v1:pumpkin_dunce":1,"orcz:goblinsavagemace":1,"minecraft:strider":1,"minecraft:creeper":1,"orcz:orcsavage_2swordiron":1,"minecraft:sheep":2,"minecraft:zombie":5,"born_in_chaos_v1:dread_hound":1,"born_in_chaos_v1:door_knight":1,"minecraft:cow":1,"orcz:orcsavagemaceiron":1,"alexsmobs:sugar_glider":1,"born_in_chaos_v1:maggot":1,"born_in_chaos_v1:baby_spider":2,"minecraft:drowned":1,"orcz:orcsavagemace":2,"minecraft:husk":1,"born_in_chaos_v1:baby_skeleton":1,"alexsmobs:gazelle":2},"minecraft:used":{"tombstone:scroll_of_unstable_intangibility":1,"minecraft:spruce_slab":11,"gobber2:gobber2_gooey_bread":2,"minecraft:iron_sword":161,"tombstone:lollipop":2,"minecraft:iron_chestplate":1,"minecraft:lava_bucket":10,"minecraft:bow":18,"spartanshields:iron_basic_shield":14,"minecraft:dark_oak_boat":1,"minecraft:furnace":3,"simpleores:adamantium_sword":73,"orcz:orcskull":1,"minecraft:stone_pickaxe":63,"minecraft:oak_planks":6,"minecraft:blackstone":1,"minecraft:wooden_pickaxe":5,"minecraft:golden_apple":2,"minecraft:blast_furnace":4,"born_in_chaos_v1:holiday_candy":2,"minecraft:melon_slice":18,"minecraft:bread":18,"tombstone:grave_key":14,"minecraft:lilac":2,"minecraft:andesite":116,"minecraft:experience_bottle":1,"minecraft:stone_sword":11,"minecraft:flint_and_steel":1,"minecraft:netherrack":220,"minecraft:torch":26,"minecraft:dirt":1,"minecraft:wooden_axe":25,"minecraft:dark_oak_planks":72,"minecraft:iron_axe":40,"dynamictrees:birch_seed":5,"minecraft:iron_boots":1,"minecraft:barrel":7,"tombstone:gift":6,"dynamictrees:dark_oak_seed":5,"minecraft:cobbled_deepslate":12,"epicpaladins:cryorium_sword":86,"minecraft:calcite":105,"minecraft:water_bucket":38,"minecraft:yellow_banner":1,"minecraft:birch_planks":27,"minecraft:baked_potato":33,"minecraft:red_nether_bricks":6,"minecraft:brown_mushroom":1,"minecraft:polished_blackstone_bricks":7,"minecraft:crafting_table":13,"justhammers:diamond_hammer":149,"minecraft:diamond_pickaxe":186,"minecraft:cracked_polished_blackstone_bricks":7,"minecraft:chicken":3,"minecraft:iron_pickaxe":251,"tombstone:magic_scroll":1,"minecraft:cobblestone":134,"minecraft:cooked_porkchop":3,"minecraft:bucket":50,"minecraft:pumpkin_pie":9},"minecraft:crafted":{"minecraft:oak_planks":4,"minecraft:dark_oak_boat":1,"minecraft:cooked_mutton":4,"spartanshields:iron_basic_shield":1,"minecraft:iron_boots":1,"justhammers:diamond_hammer":1,"gobber2:gobber2_ingot":3,"simpleores:adamantium_sword":1,"minecraft:cooked_porkchop":7,"minecraft:crafting_table":4,"minecraft:wooden_pickaxe":1,"minecraft:baked_potato":30,"minecraft:iron_helmet":1,"minecraft:birch_planks":12,"epicpaladins:cryorium_sword":1,"minecraft:iron_chestplate":1,"minecraft:diamond_pickaxe":1,"minecraft:stick":8,"minecraft:iron_ingot":163,"minecraft:iron_pickaxe":1,"minecraft:stone_sword":1,"minecraft:gold_ingot":27,"spartanshields:wooden_basic_shield":1,"minecraft:furnace":1,"minecraft:flint_and_steel":1,"gobber2:gobber2_glob":1,"minecraft:iron_axe":1,"minecraft:stone_pickaxe":1,"minecraft:dark_oak_planks":76,"minecraft:wheat":9,"minecraft:cooked_beef":7,"minecraft:iron_sword":1,"epicpaladins:arclight_axe":1,"minecraft:bucket":2,"minecraft:bread":6,"minecraft:air":0,"minecraft:raw_gold":9,"minecraft:wooden_axe":2,"minecraft:iron_leggings":1,"minecraft:torch":28}},"DataVersion":3465}