{"stats":{"minecraft:picked_up":{"minecraft:wheat":9,"minecraft:stone_slab":25,"minecraft:nether_brick":8,"minecraft:golden_sword":1,"born_in_chaos_v1:holiday_candy":3,"alexsmobs:gazelle_horn":1,"minecraft:string":10,"minecraft:raw_copper":4,"minecraft:red_nether_bricks":6,"epicpaladins:bloodstone_gem":6,"dynamictrees:dark_oak_seed":8,"minecraft:cobbled_deepslate":301,"minecraft:gold_nugget":2,"born_in_chaos_v1:smoldering_infernal_ember":3,"simpleores:raw_tin":24,"minecraft:calcite":105,"minecraft:netherite_upgrade_smithing_template":1,"born_in_chaos_v1:stimulating_decoction":1,"minecraft:melon_slice":30,"minecraft:furnace":3,"minecraft:stick":25,"orcz:orcskull":1,"minecraft:jungle_door":1,"epicpaladins:arclight_gem":30,"minecraft:big_dripleaf":2,"born_in_chaos_v1:phantom_powder":4,"minecraft:torch":21,"minecraft:porkchop":6,"tombstone:grave_dust":12,"minecraft:diorite":2,"tombstone:lollipop":2,"minecraft:yellow_banner":1,"epicpaladins:cryorium_gem":15,"minecraft:light_gray_bed":6,"minecraft:rotten_flesh":28,"born_in_chaos_v1:sweet_sword":2,"minecraft:obsidian":66,"minecraft:iron_bars":1,"minecraft:cobblestone":416,"minecraft:birch_log":3,"minecraft:magma_block":1,"minecraft:leather_chestplate":1,"minecraft:feather":5,"minecraft:lilac":3,"orcz:orcteeth":2,"minecraft:andesite":118,"born_in_chaos_v1:spiritual_dust":1,"minecraft:jungle_log":3,"minecraft:dark_oak_boat":1,"minecraft:jungle_wood":1,"minecraft:flint":3,"minecraft:tuff":17,"minecraft:lapis_lazuli":57,"minecraft:dirt":5,"gobber2:gobber2_helmet":1,"minecraft:bone":13,"simpleores:raw_mythril":1,"minecraft:bow":2,"minecraft:wheat_seeds":3,"minecraft:raw_gold":25,"gobber2:gobber2_globette":41,"minecraft:moss_block":9,"born_in_chaos_v1:mint_candy":1,"minecraft:oak_planks":2,"gobber2:gobber2_gooey_bread":5,"minecraft:chiseled_polished_blackstone":4,"minecraft:cyan_bed":2,"minecraft:dark_oak_log":62,"minecraft:barrel":1,"alexsmobs:animal_dictionary":1,"minecraft:polished_andesite":1,"born_in_chaos_v1:fire_dust":3,"minecraft:diamond":27,"minecraft:cracked_polished_blackstone_bricks":27,"minecraft:crossbow":1,"minecraft:emerald":1,"minecraft:bread":6,"minecraft:rooted_dirt":1,"orcz:ironscrap":18,"epicpaladins:angel_sword":1,"minecraft:netherrack":254,"minecraft:crimson_roots":1,"gobber2:gobber2_goo":5,"iceandfire:raw_silver":1,"iceandfire:dragon_skull_lightning":1,"minecraft:crafting_table":11,"minecraft:chicken":3,"minecraft:clay_ball":5,"minecraft:brown_mushroom":5,"minecraft:gold_block":11,"minecraft:moss_carpet":3,"born_in_chaos_v1:intoxicating_decoction":1,"minecraft:blackstone":23,"simpleores:raw_adamantium":9,"minecraft:beef":3,"minecraft:iron_nugget":10,"minecraft:spruce_slab":11,"minecraft:sugar_cane":9,"minecraft:chest":1,"minecraft:raw_iron":148,"iceandfire:dragonbone":14,"minecraft:raw_gold_block":1,"minecraft:polished_blackstone_bricks":16,"minecraft:redstone":4,"minecraft:dark_oak_planks":11,"gobber2:gobber2_globette_nether":22,"minecraft:arrow":16,"minecraft:pumpkin_pie":3,"minecraft:peony":1,"minecraft:hay_block":1,"minecraft:stripped_dark_oak_wood":1,"minecraft:pink_tulip":1,"minecraft:gold_ingot":1,"minecraft:mutton":5,"minecraft:white_wool":2,"born_in_chaos_v1:corpse_maggot":5,"born_in_chaos_v1:monster_flesh":1,"gobber2:gobber2_gooey_beefstew":1,"minecraft:birch_planks":44,"minecraft:oak_log":1,"minecraft:gunpowder":1,"minecraft:apple":4,"minecraft:iron_ingot":3,"dynamictrees:birch_seed":7,"tombstone:scroll_of_frost_resistance":1,"minecraft:flowering_azalea":1,"minecraft:dark_oak_stairs":1,"minecraft:book":27,"minecraft:polished_andesite_stairs":4,"born_in_chaos_v1:ethereal_spirit":1,"minecraft:quartz":13,"minecraft:gravel":62,"minecraft:blast_furnace":4,"minecraft:spider_eye":1,"minecraft:dried_kelp_block":10,"born_in_chaos_v1:rotten_infernal_pumpkin":1,"minecraft:red_nether_brick_slab":6,"tombstone:magic_scroll":1,"minecraft:coal":91},"minecraft:custom":{"minecraft:interact_with_crafting_table":60,"minecraft:open_barrel":121,"goblintraders:trade_with_goblin":47,"minecraft:leave_game":7,"minecraft:time_since_death":12755,"minecraft:damage_resisted":474,"minecraft:sprint_one_cm":503684,"minecraft:damage_blocked_by_shield":1215,"minecraft:drop":175,"tombstone:eaten_lollipop":2,"minecraft:talked_to_villager":5,"minecraft:play_time":223066,"minecraft:deaths":35,"minecraft:jump":3902,"minecraft:walk_on_water_one_cm":45250,"tombstone:steal_effect":14,"minecraft:interact_with_furnace":10,"tombstone:sneak_grave":1,"minecraft:damage_dealt":16801,"minecraft:player_kills":2,"minecraft:crouch_one_cm":70058,"tombstone:undead_killed":28,"minecraft:interact_with_smoker":13,"minecraft:interact_with_smithing_table":5,"minecraft:mob_kills":79,"minecraft:damage_dealt_resisted":8554,"minecraft:climb_one_cm":854,"minecraft:walk_one_cm":299460,"minecraft:damage_dealt_absorbed":0,"minecraft:sneak_time":24451,"minecraft:walk_under_water_one_cm":42212,"minecraft:boat_one_cm":6812,"minecraft:interact_with_blast_furnace":27,"minecraft:total_world_time":223066,"minecraft:time_since_rest":12339,"minecraft:damage_taken":14905,"minecraft:damage_absorbed":120,"tombstone:cast_on_ally":0,"minecraft:swim_one_cm":25654,"minecraft:fly_one_cm":597120,"minecraft:open_chest":68,"minecraft:fall_one_cm":150177},"minecraft:used":{"tombstone:scroll_of_unstable_intangibility":1,"minecraft:spruce_slab":11,"simpleores:adamantium_leggings":1,"gobber2:gobber2_gooey_bread":3,"minecraft:iron_sword":161,"tombstone:lollipop":2,"minecraft:iron_chestplate":1,"minecraft:tuff":3,"minecraft:obsidian":10,"minecraft:lava_bucket":10,"minecraft:polished_andesite_stairs":3,"minecraft:bow":18,"spartanshields:iron_basic_shield":14,"minecraft:dark_oak_boat":1,"minecraft:furnace":3,"simpleores:adamantium_sword":73,"orcz:orcskull":1,"minecraft:oak_planks":6,"minecraft:stone_pickaxe":63,"minecraft:blackstone":1,"minecraft:wooden_pickaxe":5,"minecraft:golden_apple":3,"minecraft:blast_furnace":4,"born_in_chaos_v1:holiday_candy":2,"epicpaladins:arclight_axe":2,"minecraft:melon_slice":18,"minecraft:bread":28,"tombstone:grave_key":14,"minecraft:lilac":2,"minecraft:smithing_table":1,"minecraft:andesite":116,"epicpaladins:angel_sword":1,"gobber2:gobber2_chestplate":1,"minecraft:experience_bottle":1,"minecraft:stone_sword":11,"minecraft:flint_and_steel":2,"minecraft:netherrack":220,"minecraft:torch":45,"minecraft:dirt":1,"minecraft:dark_oak_planks":72,"minecraft:wooden_axe":25,"minecraft:iron_axe":40,"gobber2:gobber2_helmet":1,"dynamictrees:birch_seed":5,"minecraft:iron_boots":1,"minecraft:barrel":7,"tombstone:gift":6,"dynamictrees:dark_oak_seed":5,"minecraft:cobbled_deepslate":142,"epicpaladins:cryorium_sword":134,"minecraft:calcite":105,"minecraft:yellow_banner":1,"minecraft:water_bucket":47,"minecraft:birch_planks":27,"minecraft:baked_potato":40,"minecraft:red_nether_bricks":6,"minecraft:brown_mushroom":1,"minecraft:polished_blackstone_bricks":7,"justhammers:diamond_hammer":235,"minecraft:crafting_table":14,"minecraft:diamond_pickaxe":201,"minecraft:cracked_polished_blackstone_bricks":7,"minecraft:chicken":3,"minecraft:iron_pickaxe":251,"tombstone:magic_scroll":2,"minecraft:cobblestone":223,"epicpaladins:arclight_shovel":26,"minecraft:cooked_porkchop":3,"minecraft:bucket":59,"minecraft:pumpkin_pie":9},"minecraft:killed_by":{"minecraft:piglin_brute":5,"born_in_chaos_v1:glutton_fish":1,"minecraft:pillager":1,"alexsmobs:elephant":1,"minecraft:drowned":1,"iceandfire:sea_serpent":2,"minecraft:piglin":4,"born_in_chaos_v1:siamese_skeletons":1,"minecraft:zombie":2,"minecraft:husk":1,"orcz:goblin_2sword":1,"minecraft:player":1,"born_in_chaos_v1:decaying_zombie":1,"alexsmobs:centipede_head":1,"mutantmonsters:mutant_skeleton":1,"minecraft:skeleton":3,"iceandfire:lightning_dragon":1},"minecraft:dropped":{"iceandfire:raw_silver":1,"minecraft:moss_block":9,"minecraft:brown_mushroom":4,"minecraft:dark_oak_stairs":1,"born_in_chaos_v1:mint_candy":1,"minecraft:red_nether_brick_slab":6,"minecraft:crossbow":1,"minecraft:rooted_dirt":1,"born_in_chaos_v1:monster_flesh":1,"minecraft:cracked_polished_blackstone_bricks":20,"minecraft:dirt":4,"minecraft:dark_oak_log":5,"born_in_chaos_v1:phantom_powder":4,"minecraft:mutton":2,"minecraft:crimson_roots":1,"minecraft:gold_nugget":2,"minecraft:polished_blackstone_bricks":9,"gobber2:gobber2_goo":2,"gobber2:gobber2_gooey_bread":2,"minecraft:bone":7,"minecraft:gravel":62,"minecraft:chiseled_polished_blackstone":4,"minecraft:blackstone":22,"alexsmobs:gazelle_horn":1,"born_in_chaos_v1:fire_dust":3,"alexsmobs:animal_dictionary":1,"minecraft:cobbled_deepslate":13,"minecraft:nether_brick":8,"minecraft:obsidian":2,"born_in_chaos_v1:ethereal_spirit":1,"tombstone:gift":1,"minecraft:rotten_flesh":25,"gobber2:gobber2_gooey_beefstew":1,"minecraft:poppy":1,"epicpaladins:cryorium_sword":1,"minecraft:gunpowder":1,"minecraft:jungle_log":3,"minecraft:chest":1,"gobber2:gobber2_helmet":1,"minecraft:arrow":4,"minecraft:quartz":9,"born_in_chaos_v1:intoxicating_decoction":1,"minecraft:wheat_seeds":4,"minecraft:lilac":1,"dynamictrees:birch_seed":3,"dynamictrees:dark_oak_seed":3,"minecraft:feather":5,"minecraft:jungle_wood":1,"minecraft:stick":2,"minecraft:diorite":2,"minecraft:wooden_axe":2,"epicpaladins:angel_sword":1,"born_in_chaos_v1:stimulating_decoction":1,"minecraft:jungle_door":1,"tombstone:grave_dust":15,"minecraft:polished_andesite_stairs":1,"minecraft:flowering_azalea":1,"minecraft:string":5,"simpleores:raw_mythril":1,"minecraft:pink_tulip":1,"minecraft:furnace":1,"minecraft:moss_carpet":3,"minecraft:kelp":1,"minecraft:stone_sword":1,"minecraft:clay_ball":5,"minecraft:stone_slab":25,"born_in_chaos_v1:smoldering_infernal_ember":3,"minecraft:big_dripleaf":2,"simpleores:raw_tin":24,"minecraft:peony":1,"minecraft:andesite":2,"born_in_chaos_v1:sweet_sword":1,"minecraft:spider_eye":1,"minecraft:bow":1,"minecraft:stone_pickaxe":1,"minecraft:wooden_pickaxe":1,"minecraft:magma_block":1},"minecraft:killed":{"orcz:goblinshield":1,"minecraft:zombified_piglin":4,"minecraft:spider":2,"born_in_chaos_v1:siamese_skeletonsright":1,"minecraft:skeleton":6,"minecraft:chicken":1,"orcz:squig":1,"minecraft:piglin_brute":4,"born_in_chaos_v1:firelight_not_despawn":3,"minecraft:piglin":16,"minecraft:pig":3,"minecraft:zombie_villager":3,"born_in_chaos_v1:pumpkin_dunce":1,"orcz:goblinsavagemace":1,"minecraft:strider":1,"minecraft:creeper":2,"orcz:orcsavage_2swordiron":1,"minecraft:sheep":2,"minecraft:zombie":8,"born_in_chaos_v1:dread_hound":1,"born_in_chaos_v1:door_knight":1,"born_in_chaos_v1:siamese_skeletonsleft":1,"minecraft:cow":1,"orcz:orcsavagemaceiron":1,"alexsmobs:sugar_glider":1,"born_in_chaos_v1:maggot":1,"born_in_chaos_v1:baby_spider":2,"minecraft:drowned":1,"orcz:orcsavagemace":2,"minecraft:husk":1,"born_in_chaos_v1:baby_skeleton":1,"born_in_chaos_v1:decrepit_skeleton":1,"alexsmobs:gazelle":2},"minecraft:mined":{"minecraft:dark_oak_planks":11,"minecraft:brewing_stand":1,"minecraft:chiseled_polished_blackstone":4,"minecraft:grass_block":2,"gobber2:gobber2_ore_deepslate":1,"minecraft:cracked_polished_blackstone_bricks":27,"minecraft:light_gray_bed":6,"minecraft:spawner":1,"minecraft:polished_blackstone_bricks":12,"minecraft:iron_ore":37,"minecraft:cobbled_deepslate":11,"minecraft:fire":4,"minecraft:barrel":1,"minecraft:moss_carpet":2,"minecraft:stripped_dark_oak_wood":1,"minecraft:dark_oak_stairs":1,"minecraft:iron_bars":1,"minecraft:spruce_slab":11,"minecraft:blackstone":27,"biomesoplenty:wildflower":1,"minecraft:torch":9,"minecraft:blast_furnace":4,"minecraft:calcite":2,"minecraft:melon":6,"minecraft:chest":1,"minecraft:white_stained_glass_pane":1,"minecraft:nether_quartz_ore":9,"minecraft:cobblestone":39,"minecraft:cyan_bed":2,"minecraft:sugar_cane":4,"minecraft:oak_planks":2,"minecraft:wall_torch":9,"minecraft:birch_log":3,"minecraft:lilac":2,"biomesoplenty:large_rose_quartz_bud":1,"minecraft:grass":26,"minecraft:oak_log":1,"minecraft:dirt":3,"minecraft:netherrack":197,"minecraft:oak_leaves":3,"minecraft:deepslate":17,"minecraft:deepslate_diamond_ore":12,"biomesoplenty:desert_grass":1,"minecraft:crimson_roots":1,"iceandfire:deepslate_silver_ore":1,"minecraft:moss_block":11,"minecraft:kelp":1,"minecraft:rooted_dirt":1,"epicpaladins:deepslate_arclight_ore":4,"minecraft:hay_block":1,"minecraft:furnace":3,"minecraft:raw_gold_block":1,"dynamictrees:dark_oak_leaves":4,"minecraft:andesite":5,"minecraft:peony":1,"minecraft:gold_block":11,"minecraft:bookshelf":9,"minecraft:deepslate_iron_ore":24,"minecraft:stone":34,"orcz:scrapblock":3,"minecraft:flowering_azalea":1,"minecraft:crafting_table":10,"minecraft:cyan_stained_glass_pane":2,"minecraft:emerald_ore":1,"minecraft:tall_grass":3,"minecraft:dried_kelp_block":10,"minecraft:lapis_ore":6,"minecraft:deepslate_gold_ore":7,"minecraft:diorite":2,"minecraft:big_dripleaf":1,"minecraft:birch_planks":5,"simpleores:deepslate_mythril_ore":1,"gobber2:gobber2_lucky_block_deepslate":5,"minecraft:coal_ore":8,"minecraft:gravel":51,"minecraft:gold_ore":4,"minecraft:fern":4},"minecraft:crafted":{"epicpaladins:arclight_sword":1,"minecraft:oak_planks":4,"minecraft:dark_oak_boat":1,"gobber2:gobber2_chestplate":1,"minecraft:cooked_mutton":4,"spartanshields:iron_basic_shield":1,"epicpaladins:angel_sword":1,"minecraft:iron_boots":1,"justhammers:diamond_hammer":1,"minecraft:netherite_upgrade_smithing_template":2,"gobber2:gobber2_ingot":12,"simpleores:adamantium_sword":1,"minecraft:cooked_porkchop":7,"minecraft:crafting_table":4,"minecraft:iron_helmet":1,"minecraft:wooden_pickaxe":1,"minecraft:baked_potato":30,"minecraft:smithing_table":1,"simpleores:adamantium_ingot":8,"minecraft:birch_planks":12,"epicpaladins:cryorium_sword":1,"simpleores:adamantium_leggings":1,"minecraft:iron_chestplate":1,"minecraft:diamond_pickaxe":1,"minecraft:stick":8,"minecraft:iron_pickaxe":1,"minecraft:iron_ingot":163,"minecraft:stone_sword":1,"minecraft:gold_ingot":51,"spartanshields:wooden_basic_shield":1,"minecraft:furnace":1,"minecraft:flint_and_steel":2,"gobber2:gobber2_helmet":1,"gobber2:gobber2_glob":4,"epicpaladins:arclight_shovel":1,"epicpaladins:arclight_template":1,"minecraft:iron_axe":1,"minecraft:stone_pickaxe":1,"minecraft:diamond_boots":1,"minecraft:netherite_scrap":2,"minecraft:dark_oak_planks":80,"minecraft:wheat":9,"minecraft:cooked_beef":7,"minecraft:iron_sword":1,"epicpaladins:arclight_axe":1,"minecraft:bucket":2,"minecraft:bread":6,"minecraft:air":0,"minecraft:raw_gold":9,"minecraft:wooden_axe":2,"minecraft:iron_leggings":1,"minecraft:torch":28},"minecraft:broken":{"minecraft:iron_boots":1,"minecraft:iron_chestplate":1,"minecraft:iron_leggings":1,"minecraft:iron_pickaxe":1,"minecraft:iron_helmet":1}},"DataVersion":3465}