{"stats":{"minecraft:killed_by":{"minecraft:husk":4,"minecraft:player":2,"minecraft:piglin_brute":6,"minecraft:pillager":3,"minecraft:skeleton":6},"minecraft:killed":{"minecraft:zombified_piglin":7,"born_in_chaos_v1:restless_spirit":1,"minecraft:spider":2,"born_in_chaos_v1:siamese_skeletonsright":1,"minecraft:skeleton":5,"minecraft:piglin_brute":3,"minecraft:piglin":2,"minecraft:husk":6,"minecraft:pillager":2,"born_in_chaos_v1:siamese_skeletonsleft":1,"minecraft:blaze":1},"minecraft:used":{"minecraft:moss_block":3,"minecraft:moss_carpet":4,"gobber2:gobber2_goo":3,"minecraft:shield":5,"tombstone:lollipop":1,"minecraft:netherrack":65,"minecraft:torch":12,"minecraft:soul_sand":8,"minecraft:red_nether_brick_slab":2,"minecraft:big_dripleaf":2,"minecraft:wooden_axe":37,"minecraft:iron_axe":81,"minecraft:iron_helmet":1,"minecraft:iron_boots":1,"gobber2:gobber2_gooey_beef":8,"minecraft:diamond_chestplate":1,"tombstone:gift":4,"minecraft:cobbled_deepslate":26,"minecraft:iron_leggings":1,"minecraft:water_bucket":16,"minecraft:birch_planks":58,"minecraft:red_nether_bricks":2,"minecraft:oak_planks":25,"minecraft:diamond_axe":70,"minecraft:polished_blackstone_bricks":33,"minecraft:glow_berries":2,"minecraft:rail":1,"justhammers:diamond_hammer":16,"minecraft:crafting_table":5,"minecraft:blast_furnace":2,"minecraft:crossbow":6,"gobber2:gobber2_gooey_bread_nether":1,"tombstone:bag_of_seeds":1,"minecraft:diamond_pickaxe":207,"minecraft:apple":3,"gobber2:gobber2_gooey_beefstew":2,"minecraft:cracked_polished_blackstone_bricks":19,"minecraft:chicken":1,"minecraft:bread":7,"minecraft:iron_pickaxe":102,"tombstone:magic_scroll":2,"tombstone:grave_key":21,"minecraft:lilac":2,"minecraft:golden_leggings":1,"minecraft:dark_oak_fence":6,"minecraft:bucket":17,"minecraft:pumpkin_pie":1},"minecraft:mined":{"minecraft:red_nether_brick_slab":3,"minecraft:deepslate_diamond_ore":17,"minecraft:red_nether_bricks":4,"minecraft:dark_oak_fence":6,"minecraft:cracked_polished_blackstone_bricks":19,"minecraft:coal_block":1,"minecraft:moss_block":3,"minecraft:spawner":2,"minecraft:large_fern":1,"minecraft:polished_blackstone_bricks":40,"minecraft:cobbled_deepslate":1,"minecraft:gold_block":3,"minecraft:deepslate_iron_ore":41,"minecraft:vine":1,"minecraft:blackstone":16,"minecraft:soul_sand":8,"minecraft:soul_fire":2,"minecraft:basalt":1,"minecraft:clay":4,"minecraft:crafting_table":4,"minecraft:blast_furnace":4,"gobber2:gobber2_lucky_block_nether":8,"minecraft:oak_planks":9,"minecraft:birch_log":11,"dynamictrees:azalea_leaves":1,"minecraft:lilac":1,"biomesoplenty:large_rose_quartz_bud":1,"gobber2:gobber2_lucky_block_deepslate":16,"minecraft:grass":5,"minecraft:oak_log":6,"minecraft:coal_ore":8,"minecraft:small_dripleaf":1,"minecraft:netherrack":95,"minecraft:deepslate":24},"minecraft:picked_up":{"minecraft:crafting_table":3,"minecraft:chicken":1,"minecraft:clay_ball":20,"minecraft:gold_block":3,"minecraft:golden_sword":2,"minecraft:polished_blackstone_brick_stairs":2,"minecraft:string":2,"minecraft:moss_carpet":5,"minecraft:red_nether_bricks":5,"gobber2:gobber2_glass_nether":1,"minecraft:blackstone":15,"minecraft:gold_nugget":3,"minecraft:cobbled_deepslate":26,"minecraft:azalea":3,"minecraft:iron_pickaxe":3,"minecraft:coal_block":1,"minecraft:stick":24,"minecraft:raw_iron":41,"minecraft:big_dripleaf":2,"minecraft:torch":1,"minecraft:polished_blackstone_bricks":54,"tombstone:grave_dust":3,"tombstone:lollipop":1,"gobber2:gobber2_foo":2,"minecraft:rotten_flesh":14,"minecraft:arrow":5,"minecraft:beetroot_seeds":4,"minecraft:pumpkin_pie":2,"gobber2:gobber2_gooey_beef_nether":1,"sophisticatedbackpacks:copper_backpack":1,"minecraft:glow_berries":1,"minecraft:rail":1,"born_in_chaos_v1:fused_bone":2,"minecraft:birch_log":28,"minecraft:magma_block":25,"minecraft:basalt":6,"minecraft:feather":2,"minecraft:lilac":2,"gobber2:gobber2_gooey_beefstew":2,"minecraft:potato":1,"paraglider:spirit_orb":2,"minecraft:oak_log":6,"gobber2:gobber2_gooey_bread_nether":2,"minecraft:cooked_mutton":1,"minecraft:bone":5,"minecraft:wheat_seeds":3,"gobber2:gobber2_gooey_beef":8,"mowziesmobs:foliaath_seed":6,"minecraft:iron_ingot":1,"dynamictrees:birch_seed":3,"tombstone:bag_of_seeds":2,"minecraft:moss_block":6,"minecraft:oak_planks":9,"minecraft:flowering_azalea":1,"minecraft:soul_sand":8,"gobber2:gobber2_rod_nether":3,"born_in_chaos_v1:ethereal_spirit":1,"minecraft:blast_furnace":4,"minecraft:bundle":1,"minecraft:pumpkin_seeds":4,"minecraft:diamond":17,"minecraft:cracked_polished_blackstone_bricks":25,"minecraft:golden_apple":1,"minecraft:red_nether_brick_slab":4,"tombstone:magic_scroll":2,"gobber2:gobber2_goo":6,"minecraft:netherrack":161,"minecraft:dark_oak_fence":4,"minecraft:coal":20,"gobber2:gobber2_goo_nether":2},"minecraft:dropped":{"minecraft:bread":6,"minecraft:moss_block":3,"minecraft:birch_planks":39,"minecraft:wheat_seeds":3,"gobber2:gobber2_foo":2,"dynamictrees:birch_seed":3,"mowziesmobs:foliaath_seed":8,"minecraft:red_nether_brick_slab":2,"minecraft:feather":2,"minecraft:apple":4,"gobber2:gobber2_rod_nether":3,"gobber2:gobber2_glass_nether":1,"minecraft:mushroom_stew":1,"minecraft:wooden_axe":1,"minecraft:pumpkin_pie":5,"minecraft:flowering_azalea":1,"minecraft:iron_axe":1,"gobber2:gobber2_goo":3,"minecraft:iron_pickaxe":4,"minecraft:string":2,"minecraft:gold_ingot":3,"minecraft:moss_carpet":1,"alexsmobs:animal_dictionary":1,"minecraft:cocoa_beans":3,"born_in_chaos_v1:ethereal_spirit":1,"minecraft:beetroot":6,"minecraft:rotten_flesh":14,"minecraft:clay_ball":20,"minecraft:cooked_mutton":1,"minecraft:pumpkin_seeds":6,"minecraft:potato":1,"minecraft:bundle":1,"minecraft:beetroot_seeds":6,"minecraft:melon_seeds":2,"minecraft:azalea":3,"minecraft:golden_sword":2,"minecraft:red_nether_bricks":3,"minecraft:arrow":7},"minecraft:crafted":{"minecraft:oak_planks":24,"minecraft:coal":9,"minecraft:iron_boots":1,"minecraft:iron_axe":1,"justhammers:diamond_hammer":1,"minecraft:diamond_axe":1,"minecraft:crafting_table":3,"minecraft:iron_helmet":1,"minecraft:bucket":1,"minecraft:birch_planks":112,"minecraft:air":0,"minecraft:diamond_pickaxe":1,"minecraft:shield":1,"minecraft:stick":4,"minecraft:iron_ingot":40,"minecraft:iron_pickaxe":1,"minecraft:wooden_axe":1,"minecraft:iron_leggings":1,"minecraft:torch":24,"minecraft:diamond_chestplate":1},"minecraft:custom":{"minecraft:mob_kills":33,"minecraft:interact_with_crafting_table":11,"minecraft:open_barrel":5,"minecraft:leave_game":1,"minecraft:time_since_death":10023,"minecraft:climb_one_cm":1541,"minecraft:sprint_one_cm":231705,"minecraft:walk_one_cm":192311,"minecraft:damage_blocked_by_shield":405,"minecraft:drop":95,"tombstone:eaten_lollipop":1,"minecraft:play_time":80278,"minecraft:deaths":21,"minecraft:sneak_time":4359,"minecraft:walk_under_water_one_cm":1528,"minecraft:jump":1658,"minecraft:interact_with_blast_furnace":12,"minecraft:walk_on_water_one_cm":13288,"minecraft:total_world_time":80278,"tombstone:raider_killed":2,"minecraft:time_since_rest":9796,"minecraft:damage_taken":7824,"minecraft:damage_dealt":9011,"minecraft:swim_one_cm":8208,"minecraft:fly_one_cm":216377,"minecraft:player_kills":1,"minecraft:open_chest":20,"minecraft:crouch_one_cm":13549,"tombstone:undead_killed":20,"minecraft:fall_one_cm":47007}},"DataVersion":3465}