{"stats":{"minecraft:picked_up":{"minecraft:golden_sword":2,"born_in_chaos_v1:holiday_candy":31,"mutantmonsters:mutant_skeleton_skull":1,"minecraft:polished_blackstone_brick_stairs":2,"minecraft:string":11,"minecraft:raw_copper":15,"minecraft:red_nether_bricks":5,"epicpaladins:bloodstone_gem":22,"gobber2:gobber2_glass_nether":1,"minecraft:oak_sign":1,"born_in_chaos_v1:chocolate_heart":2,"minecraft:deepslate_tiles":1,"dynamictrees:dark_oak_seed":20,"minecraft:gold_nugget":3,"minecraft:cobbled_deepslate":2751,"born_in_chaos_v1:charmof_power":1,"spartanshields:diamond_tower_shield":1,"born_in_chaos_v1:smoldering_infernal_ember":10,"simpleores:raw_tin":55,"minecraft:written_book":1,"minecraft:azalea":3,"minecraft:iron_pickaxe":3,"minecraft:melon_slice":3,"minecraft:coal_block":1,"simpleores:adamantium_sword":1,"minecraft:stick":68,"orcz:orcskull":2,"born_in_chaos_v1:shattered_skull":4,"simpleores:mythril_ingot":3,"epicpaladins:arclight_gem":2,"minecraft:big_dripleaf":2,"minecraft:torch":34,"born_in_chaos_v1:coffee_candy":5,"minecraft:porkchop":6,"iceandfire:lightning_dragon_flesh":3,"orcz:squigs_claws":1,"iceandfire:rotten_egg":1,"born_in_chaos_v1:nightmare_claw":2,"tombstone:grave_dust":4,"minecraft:diorite":3,"tombstone:lollipop":1,"gobber2:gobber2_foo":9,"iceandfire:lightning_lily":1,"epicpaladins:cryorium_gem":5,"minecraft:rotten_flesh":62,"orcz:orcshroom":2,"mutantmonsters:mutant_skeleton_shoulder_pad":2,"minecraft:deepslate_brick_stairs":2,"minecraft:obsidian":27,"minecraft:cobblestone":897,"minecraft:birch_log":31,"minecraft:magma_block":25,"minecraft:leather_chestplate":1,"minecraft:feather":2,"minecraft:lilac":2,"orcz:orcteeth":5,"minecraft:andesite":269,"born_in_chaos_v1:spiritual_dust":1,"minecraft:jungle_log":3,"born_in_chaos_v1:mint_ice_cream":1,"minecraft:potato":1,"gobber2:gobber2_glob":2,"paraglider:spirit_orb":8,"minecraft:tuff":140,"gobber2:gobber2_gooey_bread_nether":2,"minecraft:lapis_lazuli":108,"minecraft:dirt":73,"gobber2:gobber2_ore_nether":29,"born_in_chaos_v1:monster_skin":7,"minecraft:bone":18,"simpleores:raw_mythril":23,"minecraft:bow":1,"gobber2:gobber2_gooey_beef":23,"minecraft:wheat_seeds":26,"minecraft:raw_gold":8,"gobber2:gobber2_globette":239,"orcz:big_bone_1":1,"minecraft:moss_block":6,"born_in_chaos_v1:mint_candy":1,"minecraft:oak_planks":9,"gobber2:gobber2_gooey_bread":23,"iceandfire:dragonscales_amythest":23,"gobber2:gobber2_rod_nether":3,"iceandfire:lightning_dragon_heart":1,"orcz:orcagaric":2,"orcz:skullwandorc":1,"orcz:blue_orcshroom":5,"gobber2:gobber2_chestplate":3,"minecraft:jungle_planks":6,"minecraft:dark_oak_log":117,"minecraft:mossy_cobblestone":16,"minecraft:bundle":1,"simpleores:onyx_gem":3,"minecraft:diamond":82,"waystones:waystone":1,"minecraft:cracked_polished_blackstone_bricks":25,"minecraft:granite":4,"minecraft:oak_sapling":1,"minecraft:golden_apple":1,"alexsmobs:maggot":1,"orcz:ironscrap":2,"epicpaladins:angel_sword":3,"minecraft:netherrack":605,"minecraft:dark_oak_fence":4,"gobber2:gobber2_goo":18,"minecraft:diamond_pickaxe":1,"iceandfire:dragon_skull_lightning":1,"minecraft:coarse_dirt":3,"minecraft:crafting_table":11,"minecraft:chicken":1,"minecraft:clay_ball":20,"born_in_chaos_v1:seedof_chaos":4,"minecraft:leather_leggings":1,"minecraft:gold_block":3,"minecraft:moss_carpet":5,"minecraft:blackstone":62,"simpleores:raw_adamantium":13,"minecraft:beef":1,"biomesoplenty:wildflower":4,"minecraft:light_gray_wool":1,"minecraft:lectern":1,"minecraft:sugar_cane":11,"minecraft:phantom_membrane":6,"minecraft:raw_iron":57,"iceandfire:dragonbone":6,"gobber2:gobber2_block":1,"minecraft:polished_blackstone_bricks":54,"born_in_chaos_v1:pieceofdarkmetal":35,"minecraft:redstone":10,"minecraft:dark_oak_planks":1,"minecraft:diamond_chestplate":1,"minecraft:arrow":17,"minecraft:beetroot_seeds":4,"minecraft:pumpkin_pie":2,"minecraft:jungle_stairs":5,"gobber2:gobber2_gooey_beef_nether":1,"minecraft:diamond_boots":1,"mutantmonsters:mutant_skeleton_rib":2,"minecraft:gold_ingot":2,"sophisticatedbackpacks:copper_backpack":1,"minecraft:glow_berries":1,"minecraft:mutton":6,"minecraft:white_wool":2,"minecraft:rail":1,"born_in_chaos_v1:fused_bone":7,"born_in_chaos_v1:corpse_maggot":10,"minecraft:basalt":6,"born_in_chaos_v1:monster_flesh":2,"gobber2:gobber2_ingot":2,"gobber2:gobber2_gooey_beefstew":11,"minecraft:oak_log":21,"mutantmonsters:mutant_skeleton_limb":5,"gobber2:gobber2_tree_axe":1,"minecraft:cooked_mutton":1,"born_in_chaos_v1:soul_cutlass":2,"mowziesmobs:foliaath_seed":6,"minecraft:iron_ingot":4,"dynamictrees:birch_seed":3,"tombstone:bag_of_seeds":2,"minecraft:soul_sand":8,"minecraft:flowering_azalea":1,"minecraft:book":45,"minecraft:smooth_basalt":22,"minecraft:dark_oak_slab":1,"born_in_chaos_v1:lifestealer_bone":5,"minecraft:quartz":1,"born_in_chaos_v1:ethereal_spirit":13,"minecraft:gravel":32,"born_in_chaos_v1:dark_rod":5,"minecraft:blast_furnace":8,"minecraft:pumpkin_seeds":4,"minecraft:diamond_axe":1,"born_in_chaos_v1:rotten_infernal_pumpkin":1,"minecraft:gray_wool":2,"gobber2:gobber2_bow":2,"minecraft:red_nether_brick_slab":4,"tombstone:magic_scroll":3,"minecraft:damaged_anvil":1,"gobber2:gobber2_goo_nether":2,"minecraft:coal":82},"minecraft:custom":{"minecraft:interact_with_crafting_table":76,"minecraft:open_barrel":114,"goblintraders:trade_with_goblin":2,"minecraft:leave_game":4,"minecraft:time_since_death":11241,"minecraft:sprint_one_cm":786184,"minecraft:damage_blocked_by_shield":2476,"minecraft:drop":399,"tombstone:eaten_lollipop":1,"minecraft:play_noteblock":4,"minecraft:talked_to_villager":2,"minecraft:play_time":321665,"minecraft:deaths":30,"minecraft:jump":6860,"minecraft:walk_on_water_one_cm":89449,"minecraft:enchant_item":6,"minecraft:sleep_in_bed":3,"minecraft:waystone_activated":2,"minecraft:damage_dealt":39633,"minecraft:player_kills":1,"minecraft:crouch_one_cm":30117,"tombstone:undead_killed":76,"minecraft:mob_kills":160,"minecraft:damage_dealt_resisted":3676,"minecraft:climb_one_cm":2731,"minecraft:walk_one_cm":790827,"minecraft:damage_dealt_absorbed":0,"minecraft:sneak_time":8763,"minecraft:walk_under_water_one_cm":29831,"minecraft:boat_one_cm":309976,"minecraft:interact_with_blast_furnace":47,"minecraft:total_world_time":321665,"spartanshields:shield_bash_hits":3,"tombstone:raider_killed":4,"minecraft:tune_noteblock":1,"minecraft:time_since_rest":10998,"minecraft:damage_taken":19588,"minecraft:damage_absorbed":40,"minecraft:swim_one_cm":82281,"minecraft:fly_one_cm":1115098,"minecraft:open_chest":70,"minecraft:fall_one_cm":179699},"minecraft:used":{"minecraft:moss_block":3,"minecraft:moss_carpet":4,"gobber2:gobber2_goo":14,"born_in_chaos_v1:rotten_infernal_pumpkin":1,"minecraft:chest":2,"gobber2:gobber2_boots":2,"gobber2:gobber2_gooey_bread":23,"minecraft:shield":23,"tombstone:lollipop":1,"gobber2:gobber2_goo_nether":2,"minecraft:soul_sand":8,"minecraft:mutton":7,"minecraft:jungle_planks":1,"born_in_chaos_v1:soul_cutlass":11,"minecraft:tuff":5,"minecraft:obsidian":1,"minecraft:big_dripleaf":2,"born_in_chaos_v1:corpse_maggot":2,"iceandfire:lightning_lily":1,"born_in_chaos_v1:coffee_candy":5,"minecraft:iron_helmet":1,"minecraft:dark_oak_slab":1,"gobber2:gobber2_hammer":399,"minecraft:dark_oak_boat":2,"minecraft:diorite":3,"minecraft:oak_planks":25,"minecraft:blackstone":9,"minecraft:diamond_axe":286,"minecraft:golden_apple":1,"minecraft:glow_berries":2,"minecraft:blast_furnace":4,"minecraft:crossbow":6,"born_in_chaos_v1:holiday_candy":23,"gobber2:gobber2_gooey_bread_nether":2,"waystones:waystone":1,"gobber2:gobber2_gooey_beefstew":11,"born_in_chaos_v1:monster_flesh":1,"orcz:big_bone_1":1,"gobber2:gobber2_axe":83,"minecraft:string":1,"minecraft:bread":22,"spartanshields:diamond_tower_shield":7,"tombstone:grave_key":21,"minecraft:lilac":2,"minecraft:dark_oak_fence":6,"minecraft:andesite":6,"epicpaladins:angel_sword":2,"gobber2:gobber2_chestplate":4,"minecraft:coarse_dirt":3,"gobber2:gobber2_paxel":350,"born_in_chaos_v1:chocolate_heart":2,"gobber2:gobber2_leggings":2,"orcz:skullwandorc":1,"minecraft:netherrack":273,"minecraft:torch":157,"gobber2:gobber2_ore_nether":5,"minecraft:dirt":3,"minecraft:red_nether_brick_slab":2,"minecraft:granite":4,"minecraft:dark_oak_planks":20,"minecraft:wooden_axe":37,"minecraft:iron_axe":81,"gobber2:gobber2_helmet":1,"minecraft:iron_boots":1,"minecraft:light_gray_wool":1,"minecraft:diamond_chestplate":1,"gobber2:gobber2_gooey_beef":22,"minecraft:beef":1,"tombstone:gift":8,"dynamictrees:dark_oak_seed":1,"minecraft:cooked_beef":3,"minecraft:cobbled_deepslate":425,"minecraft:iron_leggings":1,"gobber2:gobber2_bow":2,"minecraft:water_bucket":125,"minecraft:birch_planks":58,"minecraft:red_nether_bricks":2,"minecraft:birch_boat":1,"minecraft:polished_blackstone_bricks":33,"minecraft:mossy_cobblestone":16,"minecraft:rail":1,"minecraft:crafting_table":15,"justhammers:diamond_hammer":403,"minecraft:oak_log":1,"tombstone:bag_of_seeds":1,"minecraft:diamond_pickaxe":229,"minecraft:apple":10,"minecraft:cracked_polished_blackstone_bricks":19,"minecraft:chicken":1,"minecraft:iron_pickaxe":102,"tombstone:magic_scroll":2,"minecraft:golden_leggings":1,"minecraft:cobblestone":136,"minecraft:cooked_porkchop":2,"minecraft:bucket":126,"minecraft:pumpkin_pie":10,"minecraft:gray_wool":1,"gobber2:gobber2_gooey_beef_nether":1},"minecraft:killed_by":{"minecraft:piglin_brute":6,"minecraft:pillager":3,"iceandfire:sea_serpent":3,"minecraft:husk":4,"born_in_chaos_v1:lifestealer_true_form":1,"minecraft:player":3,"born_in_chaos_v1:mother_spider":1,"mutantmonsters:mutant_skeleton":1,"minecraft:skeleton":6,"iceandfire:lightning_dragon":1},"minecraft:dropped":{"minecraft:moss_block":3,"minecraft:porkchop":6,"minecraft:birch_planks":39,"born_in_chaos_v1:mint_candy":1,"minecraft:diamond_axe":2,"minecraft:cooked_beef":4,"minecraft:oak_log":14,"orcz:orcskull":2,"minecraft:diamond":9,"minecraft:crossbow":1,"minecraft:red_nether_brick_slab":2,"orcz:blue_orcshroom":5,"minecraft:jungle_planks":5,"born_in_chaos_v1:nightmare_claw":1,"gobber2:gobber2_rod_nether":3,"born_in_chaos_v1:monster_flesh":1,"minecraft:cracked_polished_blackstone_bricks":6,"minecraft:dirt":18,"minecraft:dark_oak_log":11,"born_in_chaos_v1:monster_skin":3,"minecraft:polished_blackstone_brick_stairs":2,"minecraft:pumpkin_pie":7,"minecraft:phantom_membrane":6,"minecraft:polished_blackstone_bricks":21,"gobber2:gobber2_goo":3,"minecraft:iron_pickaxe":4,"born_in_chaos_v1:mint_ice_cream":1,"minecraft:white_wool":2,"minecraft:gold_ingot":3,"minecraft:bone":4,"minecraft:gravel":32,"gobber2:gobber2_ore_nether":24,"minecraft:blackstone":53,"minecraft:cobbled_deepslate":2040,"alexsmobs:animal_dictionary":1,"minecraft:wheat":3,"minecraft:obsidian":26,"born_in_chaos_v1:ethereal_spirit":5,"minecraft:beetroot":6,"minecraft:rotten_flesh":62,"minecraft:cooked_mutton":5,"orcz:orcshroom":2,"minecraft:leather_chestplate":1,"biomesoplenty:wildflower":4,"gobber2:gobber2_chestplate":2,"minecraft:jungle_stairs":5,"born_in_chaos_v1:corpse_maggot":8,"minecraft:beetroot_seeds":6,"minecraft:melon_seeds":2,"minecraft:jungle_log":3,"minecraft:azalea":3,"gobber2:gobber2_glob":1,"minecraft:leather_leggings":1,"simpleores:mythril_ingot":6,"minecraft:red_nether_bricks":3,"minecraft:basalt":6,"minecraft:arrow":10,"orcz:skullwandorc":1,"minecraft:quartz":1,"born_in_chaos_v1:dark_rod":2,"minecraft:netherrack":319,"minecraft:enchanted_book":1,"justhammers:diamond_hammer":1,"minecraft:bread":6,"gobber2:gobber2_ingot":15,"born_in_chaos_v1:shattered_skull":2,"minecraft:wheat_seeds":27,"gobber2:gobber2_foo":7,"dynamictrees:birch_seed":3,"mowziesmobs:foliaath_seed":8,"dynamictrees:dark_oak_seed":19,"minecraft:feather":2,"born_in_chaos_v1:holiday_candy":1,"minecraft:cobblestone":610,"orcz:orcagaric":2,"minecraft:apple":4,"born_in_chaos_v1:soul_cutlass":1,"gobber2:gobber2_glass_nether":1,"minecraft:mushroom_stew":1,"minecraft:gray_wool":1,"tombstone:magic_scroll":1,"minecraft:wooden_axe":1,"minecraft:melon_slice":3,"gobber2:gobber2_bow":2,"born_in_chaos_v1:fused_bone":2,"epicpaladins:angel_sword":2,"tombstone:grave_dust":2,"minecraft:potion":1,"minecraft:iron_leggings":1,"minecraft:flowering_azalea":1,"minecraft:iron_axe":2,"minecraft:string":3,"simpleores:raw_mythril":21,"epicpaladins:arclight_gem":2,"minecraft:smooth_basalt":4,"minecraft:moss_carpet":1,"alexsmobs:maggot":1,"simpleores:onyx_gem":3,"minecraft:cocoa_beans":3,"minecraft:raw_copper":11,"minecraft:tuff":130,"minecraft:raw_iron":1,"simpleores:raw_adamantium":12,"minecraft:clay_ball":20,"born_in_chaos_v1:spiritual_dust":1,"orcz:ironscrap":2,"minecraft:oak_sign":1,"minecraft:pumpkin_seeds":6,"gobber2:gobber2_tree_axe":1,"gobber2:gobber2_globette":2,"minecraft:filled_map":1,"simpleores:raw_tin":33,"minecraft:potato":1,"minecraft:shield":1,"orcz:orcteeth":3,"iceandfire:rotten_egg":1,"minecraft:diamond_chestplate":1,"minecraft:bundle":1,"minecraft:diamond_pickaxe":2,"minecraft:andesite":268,"minecraft:golden_leggings":1,"minecraft:oak_sapling":1,"orcz:squigs_claws":1,"minecraft:golden_sword":2,"minecraft:diamond_boots":1,"minecraft:bow":1,"minecraft:magma_block":25},"minecraft:killed":{"born_in_chaos_v1:zombie_clown":1,"born_in_chaos_v1:mr_pumpkin":4,"orcz:goblinshield":1,"minecraft:zombified_piglin":7,"born_in_chaos_v1:skeleton_demoman":1,"born_in_chaos_v1:restless_spirit":3,"minecraft:spider":3,"born_in_chaos_v1:siamese_skeletonsright":2,"born_in_chaos_v1:scarlet_persecutor":2,"minecraft:skeleton":16,"minecraft:piglin_brute":3,"minecraft:piglin":2,"orcz:weirdboinecro":1,"minecraft:pig":3,"minecraft:zombie_villager":5,"orcz:goblinsavagemace":1,"born_in_chaos_v1:pumpkin_dunce":2,"mutantmonsters:mutant_skeleton":1,"minecraft:creeper":1,"orcz:orcsavage_2swordiron":1,"minecraft:sheep":3,"minecraft:pillager":2,"born_in_chaos_v1:dread_hound":1,"minecraft:zombie":16,"born_in_chaos_v1:corpse_fly":13,"born_in_chaos_v1:mrs_pumpkin":2,"orcz:snot":9,"orcz:orcshield":1,"minecraft:cow":1,"born_in_chaos_v1:siamese_skeletonsleft":3,"minecraft:blaze":1,"alexsmobs:tasmanian_devil":1,"orcz:bannerman":1,"born_in_chaos_v1:zombie_bruiser":2,"born_in_chaos_v1:maggot":4,"minecraft:phantom":2,"born_in_chaos_v1:baby_spider":2,"minecraft:drowned":1,"born_in_chaos_v1:mr_pumpkin_controlled":1,"born_in_chaos_v1:fallen_chaos_knight":1,"minecraft:husk":7,"born_in_chaos_v1:baby_skeleton":2,"born_in_chaos_v1:swarmer":1,"born_in_chaos_v1:decrepit_skeleton":6,"born_in_chaos_v1:decaying_zombie":2,"alexsmobs:elephant":1,"alexsmobs:gazelle":1,"born_in_chaos_v1:dark_vortex":3,"born_in_chaos_v1:nightmare_stalker":1,"orcz:goblin_2sword":1},"minecraft:mined":{"minecraft:dark_oak_planks":1,"minecraft:red_nether_brick_slab":3,"simpleores:onyx_ore":2,"orcz:orcamanita":1,"alexsmobs:leafcutter_anthill":1,"minecraft:red_nether_bricks":4,"minecraft:cave_vines_plant":1,"minecraft:grass_block":4,"gobber2:gobber2_ore_deepslate":47,"gobber2:gobber2_lucky_block":3,"minecraft:jungle_log":3,"minecraft:cracked_polished_blackstone_bricks":19,"minecraft:coal_block":1,"minecraft:spawner":4,"minecraft:polished_blackstone_bricks":40,"gobber2:gobber2_ore":2,"minecraft:cobbled_deepslate":5,"gobber2:gobber2_ore_nether":2,"biomesoplenty:hanging_cobweb":3,"minecraft:stripped_mangrove_wood":2,"minecraft:blackstone":19,"minecraft:melon_stem":1,"minecraft:soul_fire":2,"biomesoplenty:hanging_cobweb_strand":1,"minecraft:clay":4,"minecraft:torch":13,"minecraft:note_block":1,"minecraft:jungle_stairs":4,"minecraft:blast_furnace":8,"minecraft:melon":1,"minecraft:mossy_cobblestone_wall":1,"gobber2:gobber2_lucky_block_nether":9,"minecraft:cobblestone":18,"minecraft:sugar_cane":4,"minecraft:oak_planks":9,"minecraft:damaged_anvil":1,"minecraft:wall_torch":6,"minecraft:dark_oak_slab":1,"orcz:orcagaric":2,"biomesoplenty:glowworm_silk_strand":1,"minecraft:birch_log":14,"minecraft:lilac":1,"dynamictrees:azalea_leaves":1,"simpleores:deepslate_tin_ore":2,"biomesoplenty:large_rose_quartz_bud":1,"minecraft:grass":35,"minecraft:oak_log":16,"minecraft:dirt":10,"minecraft:smooth_basalt":2,"minecraft:oak_leaves":2,"minecraft:netherrack":125,"minecraft:deepslate":152,"minecraft:deepslate_tiles":1,"iceandfire:lightning_lily":2,"minecraft:tuff":6,"minecraft:mossy_cobblestone":2,"minecraft:deepslate_diamond_ore":38,"biomesoplenty:desert_grass":3,"minecraft:dark_oak_fence":6,"minecraft:jungle_planks":6,"minecraft:moss_block":3,"minecraft:large_fern":9,"minecraft:andesite":7,"minecraft:gold_block":3,"minecraft:polished_deepslate":1,"minecraft:bookshelf":15,"minecraft:deepslate_iron_ore":42,"minecraft:vine":1,"minecraft:stone":112,"minecraft:soul_sand":8,"epicpaladins:deepslate_bloodstone_ore":4,"minecraft:basalt":1,"minecraft:crafting_table":13,"minecraft:rose_bush":1,"minecraft:lectern":1,"minecraft:tall_grass":7,"minecraft:sculk":4,"minecraft:gray_wool":1,"minecraft:coarse_dirt":3,"gobber2:gobber2_lucky_block_deepslate":24,"minecraft:coal_ore":50,"minecraft:gravel":7,"minecraft:small_dripleaf":1,"minecraft:fern":4},"minecraft:crafted":{"minecraft:oak_planks":24,"gobber2:gobber2_paxel":1,"minecraft:dark_oak_boat":2,"gobber2:gobber2_leggings":1,"minecraft:birch_boat":1,"born_in_chaos_v1:dark_metal_ingot":2,"minecraft:iron_boots":1,"justhammers:diamond_hammer":1,"minecraft:chest":2,"gobber2:gobber2_pickaxe":1,"gobber2:gobber2_ingot":84,"minecraft:diamond_axe":1,"minecraft:crafting_table":5,"gobber2:gobber2_hammer":1,"gobber2:gobber2_axe":1,"minecraft:iron_helmet":1,"gobber2:gobber2_rod":12,"minecraft:birch_planks":124,"gobber2:gobber2_block":1,"minecraft:diamond_pickaxe":1,"minecraft:shield":1,"minecraft:stick":16,"minecraft:iron_ingot":40,"minecraft:iron_pickaxe":1,"minecraft:gold_ingot":33,"spartanshields:wooden_basic_shield":1,"minecraft:coal":9,"gobber2:gobber2_shovel":1,"gobber2:gobber2_helmet":1,"gobber2:gobber2_glob":21,"minecraft:iron_axe":2,"gobber2:gobber2_boots":1,"minecraft:dark_oak_planks":168,"minecraft:bucket":1,"born_in_chaos_v1:dark_metal_nugget":10,"minecraft:air":0,"minecraft:wooden_axe":1,"minecraft:iron_leggings":1,"minecraft:torch":164,"minecraft:diamond_chestplate":1},"minecraft:broken":{"minecraft:iron_boots":1,"minecraft:iron_helmet":1}},"DataVersion":3465}