{"stats":{"minecraft:picked_up":{"minecraft:golden_sword":2,"born_in_chaos_v1:holiday_candy":4,"mutantmonsters:mutant_skeleton_skull":1,"minecraft:polished_blackstone_brick_stairs":2,"minecraft:string":3,"minecraft:raw_copper":11,"minecraft:red_nether_bricks":5,"epicpaladins:bloodstone_gem":22,"gobber2:gobber2_glass_nether":1,"dynamictrees:dark_oak_seed":14,"minecraft:gold_nugget":3,"minecraft:cobbled_deepslate":2425,"spartanshields:diamond_tower_shield":1,"born_in_chaos_v1:smoldering_infernal_ember":1,"simpleores:raw_tin":44,"minecraft:written_book":1,"minecraft:azalea":3,"minecraft:iron_pickaxe":3,"minecraft:coal_block":1,"simpleores:adamantium_sword":1,"minecraft:stick":40,"born_in_chaos_v1:shattered_skull":4,"simpleores:mythril_ingot":3,"epicpaladins:arclight_gem":2,"minecraft:big_dripleaf":2,"minecraft:torch":25,"minecraft:porkchop":6,"iceandfire:rotten_egg":1,"tombstone:grave_dust":3,"tombstone:lollipop":1,"gobber2:gobber2_foo":6,"iceandfire:lightning_lily":1,"minecraft:rotten_flesh":40,"mutantmonsters:mutant_skeleton_shoulder_pad":2,"minecraft:obsidian":27,"minecraft:cobblestone":154,"minecraft:birch_log":31,"minecraft:magma_block":25,"minecraft:leather_chestplate":1,"minecraft:feather":2,"minecraft:lilac":2,"minecraft:andesite":203,"born_in_chaos_v1:spiritual_dust":1,"minecraft:jungle_log":3,"minecraft:potato":1,"gobber2:gobber2_glob":2,"paraglider:spirit_orb":8,"minecraft:tuff":112,"gobber2:gobber2_gooey_bread_nether":2,"minecraft:lapis_lazuli":108,"minecraft:dirt":21,"minecraft:bone":12,"simpleores:raw_mythril":23,"minecraft:bow":1,"gobber2:gobber2_gooey_beef":21,"minecraft:wheat_seeds":8,"minecraft:raw_gold":8,"gobber2:gobber2_globette":187,"minecraft:moss_block":6,"minecraft:oak_planks":9,"gobber2:gobber2_gooey_bread":13,"gobber2:gobber2_rod_nether":3,"gobber2:gobber2_chestplate":3,"minecraft:jungle_planks":6,"minecraft:dark_oak_log":42,"minecraft:mossy_cobblestone":15,"minecraft:bundle":1,"minecraft:diamond":72,"minecraft:cracked_polished_blackstone_bricks":25,"minecraft:granite":2,"minecraft:golden_apple":1,"epicpaladins:angel_sword":1,"minecraft:netherrack":163,"minecraft:dark_oak_fence":4,"gobber2:gobber2_goo":12,"minecraft:coarse_dirt":3,"minecraft:crafting_table":9,"minecraft:chicken":1,"minecraft:clay_ball":20,"born_in_chaos_v1:seedof_chaos":1,"minecraft:leather_leggings":1,"minecraft:gold_block":3,"minecraft:moss_carpet":5,"minecraft:blackstone":28,"simpleores:raw_adamantium":13,"minecraft:lectern":1,"minecraft:sugar_cane":11,"minecraft:raw_iron":57,"gobber2:gobber2_block":1,"minecraft:polished_blackstone_bricks":54,"born_in_chaos_v1:pieceofdarkmetal":4,"minecraft:dark_oak_planks":1,"minecraft:diamond_chestplate":1,"minecraft:arrow":15,"minecraft:beetroot_seeds":4,"minecraft:pumpkin_pie":2,"minecraft:jungle_stairs":5,"gobber2:gobber2_gooey_beef_nether":1,"minecraft:diamond_boots":1,"mutantmonsters:mutant_skeleton_rib":2,"minecraft:gold_ingot":2,"sophisticatedbackpacks:copper_backpack":1,"minecraft:glow_berries":1,"minecraft:mutton":2,"minecraft:white_wool":1,"minecraft:rail":1,"born_in_chaos_v1:fused_bone":4,"born_in_chaos_v1:corpse_maggot":8,"minecraft:basalt":6,"gobber2:gobber2_ingot":2,"gobber2:gobber2_gooey_beefstew":8,"minecraft:oak_log":6,"mutantmonsters:mutant_skeleton_limb":5,"minecraft:cooked_mutton":1,"mowziesmobs:foliaath_seed":6,"minecraft:iron_ingot":4,"dynamictrees:birch_seed":3,"tombstone:bag_of_seeds":2,"minecraft:soul_sand":8,"minecraft:flowering_azalea":1,"minecraft:book":45,"minecraft:smooth_basalt":2,"minecraft:dark_oak_slab":1,"born_in_chaos_v1:ethereal_spirit":3,"minecraft:gravel":16,"minecraft:blast_furnace":8,"minecraft:pumpkin_seeds":4,"minecraft:diamond_axe":1,"born_in_chaos_v1:rotten_infernal_pumpkin":1,"minecraft:gray_wool":1,"gobber2:gobber2_bow":2,"minecraft:red_nether_brick_slab":4,"tombstone:magic_scroll":3,"minecraft:damaged_anvil":1,"gobber2:gobber2_goo_nether":2,"minecraft:coal":36},"minecraft:custom":{"minecraft:interact_with_crafting_table":54,"minecraft:open_barrel":60,"goblintraders:trade_with_goblin":2,"minecraft:leave_game":4,"minecraft:time_since_death":57254,"minecraft:sprint_one_cm":537459,"minecraft:damage_blocked_by_shield":2386,"minecraft:drop":272,"tombstone:eaten_lollipop":1,"minecraft:play_noteblock":4,"minecraft:talked_to_villager":2,"minecraft:play_time":213665,"minecraft:deaths":28,"minecraft:jump":4262,"minecraft:walk_on_water_one_cm":57846,"minecraft:sleep_in_bed":2,"minecraft:waystone_activated":1,"minecraft:damage_dealt":22421,"minecraft:player_kills":1,"minecraft:crouch_one_cm":26195,"tombstone:undead_killed":57,"minecraft:mob_kills":100,"minecraft:damage_dealt_resisted":230,"minecraft:climb_one_cm":2513,"minecraft:walk_one_cm":561530,"minecraft:sneak_time":7691,"minecraft:walk_under_water_one_cm":17953,"minecraft:boat_one_cm":218935,"minecraft:interact_with_blast_furnace":24,"minecraft:total_world_time":213665,"spartanshields:shield_bash_hits":2,"tombstone:raider_killed":2,"minecraft:tune_noteblock":1,"minecraft:time_since_rest":57031,"minecraft:damage_taken":13612,"minecraft:damage_absorbed":40,"minecraft:swim_one_cm":24871,"minecraft:fly_one_cm":617011,"minecraft:open_chest":37,"minecraft:fall_one_cm":107599},"minecraft:used":{"minecraft:moss_block":3,"minecraft:moss_carpet":4,"gobber2:gobber2_goo":9,"born_in_chaos_v1:rotten_infernal_pumpkin":1,"gobber2:gobber2_boots":1,"gobber2:gobber2_gooey_bread":1,"minecraft:shield":23,"tombstone:lollipop":1,"gobber2:gobber2_goo_nether":2,"minecraft:soul_sand":8,"minecraft:mutton":2,"minecraft:jungle_planks":1,"minecraft:tuff":5,"minecraft:obsidian":1,"minecraft:big_dripleaf":2,"born_in_chaos_v1:corpse_maggot":2,"iceandfire:lightning_lily":1,"minecraft:iron_helmet":1,"minecraft:dark_oak_slab":1,"gobber2:gobber2_hammer":150,"minecraft:dark_oak_boat":1,"minecraft:oak_planks":25,"minecraft:diamond_axe":286,"minecraft:golden_apple":1,"minecraft:glow_berries":2,"minecraft:blast_furnace":4,"minecraft:crossbow":6,"born_in_chaos_v1:holiday_candy":1,"gobber2:gobber2_gooey_bread_nether":2,"gobber2:gobber2_gooey_beefstew":3,"gobber2:gobber2_axe":58,"minecraft:string":1,"minecraft:bread":22,"spartanshields:diamond_tower_shield":6,"tombstone:grave_key":21,"minecraft:lilac":2,"minecraft:dark_oak_fence":6,"minecraft:andesite":6,"gobber2:gobber2_chestplate":3,"minecraft:coarse_dirt":3,"gobber2:gobber2_leggings":1,"minecraft:netherrack":144,"minecraft:torch":130,"minecraft:dirt":3,"minecraft:red_nether_brick_slab":2,"minecraft:granite":2,"minecraft:dark_oak_planks":20,"minecraft:wooden_axe":37,"minecraft:iron_axe":81,"gobber2:gobber2_helmet":1,"minecraft:iron_boots":1,"minecraft:diamond_chestplate":1,"gobber2:gobber2_gooey_beef":19,"tombstone:gift":6,"dynamictrees:dark_oak_seed":1,"minecraft:cooked_beef":3,"minecraft:cobbled_deepslate":348,"minecraft:iron_leggings":1,"gobber2:gobber2_bow":2,"minecraft:water_bucket":108,"minecraft:birch_planks":58,"minecraft:red_nether_bricks":2,"minecraft:birch_boat":1,"minecraft:polished_blackstone_bricks":33,"minecraft:mossy_cobblestone":15,"minecraft:rail":1,"minecraft:crafting_table":13,"justhammers:diamond_hammer":403,"tombstone:bag_of_seeds":1,"minecraft:diamond_pickaxe":229,"minecraft:apple":6,"minecraft:cracked_polished_blackstone_bricks":19,"minecraft:chicken":1,"minecraft:iron_pickaxe":102,"tombstone:magic_scroll":2,"minecraft:golden_leggings":1,"minecraft:cobblestone":22,"minecraft:cooked_porkchop":2,"minecraft:bucket":109,"minecraft:pumpkin_pie":10,"minecraft:gray_wool":1,"gobber2:gobber2_gooey_beef_nether":1},"minecraft:killed_by":{"minecraft:piglin_brute":6,"minecraft:pillager":3,"iceandfire:sea_serpent":3,"minecraft:husk":4,"born_in_chaos_v1:lifestealer_true_form":1,"minecraft:player":3,"born_in_chaos_v1:mother_spider":1,"mutantmonsters:mutant_skeleton":1,"minecraft:skeleton":6},"minecraft:dropped":{"minecraft:moss_block":3,"minecraft:porkchop":6,"minecraft:birch_planks":39,"minecraft:diamond_axe":2,"minecraft:cooked_beef":4,"minecraft:diamond":2,"minecraft:crossbow":1,"minecraft:red_nether_brick_slab":2,"minecraft:jungle_planks":5,"gobber2:gobber2_rod_nether":3,"minecraft:cracked_polished_blackstone_bricks":6,"minecraft:dirt":18,"minecraft:polished_blackstone_brick_stairs":2,"minecraft:pumpkin_pie":7,"minecraft:polished_blackstone_bricks":21,"gobber2:gobber2_goo":3,"minecraft:iron_pickaxe":4,"minecraft:white_wool":1,"minecraft:gold_ingot":3,"minecraft:bone":3,"minecraft:blackstone":28,"minecraft:cobbled_deepslate":1688,"alexsmobs:animal_dictionary":1,"minecraft:obsidian":26,"born_in_chaos_v1:ethereal_spirit":1,"minecraft:beetroot":6,"minecraft:rotten_flesh":40,"minecraft:cooked_mutton":5,"minecraft:leather_chestplate":1,"gobber2:gobber2_chestplate":2,"minecraft:jungle_stairs":5,"born_in_chaos_v1:corpse_maggot":6,"minecraft:beetroot_seeds":6,"minecraft:melon_seeds":2,"minecraft:jungle_log":3,"minecraft:azalea":3,"gobber2:gobber2_glob":1,"minecraft:leather_leggings":1,"simpleores:mythril_ingot":6,"minecraft:red_nether_bricks":3,"minecraft:basalt":6,"minecraft:arrow":10,"minecraft:netherrack":20,"justhammers:diamond_hammer":1,"minecraft:bread":6,"gobber2:gobber2_ingot":15,"born_in_chaos_v1:shattered_skull":2,"minecraft:wheat_seeds":8,"gobber2:gobber2_foo":5,"dynamictrees:birch_seed":3,"mowziesmobs:foliaath_seed":8,"dynamictrees:dark_oak_seed":13,"minecraft:feather":2,"born_in_chaos_v1:holiday_candy":1,"minecraft:cobblestone":132,"minecraft:apple":4,"gobber2:gobber2_glass_nether":1,"minecraft:mushroom_stew":1,"tombstone:magic_scroll":1,"minecraft:wooden_axe":1,"gobber2:gobber2_bow":2,"epicpaladins:angel_sword":1,"tombstone:grave_dust":2,"minecraft:potion":1,"minecraft:iron_leggings":1,"minecraft:flowering_azalea":1,"minecraft:iron_axe":2,"minecraft:string":2,"simpleores:raw_mythril":21,"epicpaladins:arclight_gem":2,"minecraft:smooth_basalt":2,"minecraft:moss_carpet":1,"minecraft:cocoa_beans":3,"minecraft:raw_copper":11,"minecraft:tuff":102,"minecraft:raw_iron":1,"simpleores:raw_adamantium":12,"minecraft:clay_ball":20,"born_in_chaos_v1:spiritual_dust":1,"minecraft:pumpkin_seeds":6,"gobber2:gobber2_globette":2,"minecraft:filled_map":1,"simpleores:raw_tin":22,"minecraft:potato":1,"minecraft:shield":1,"iceandfire:rotten_egg":1,"minecraft:diamond_chestplate":1,"minecraft:bundle":1,"minecraft:andesite":197,"minecraft:golden_leggings":1,"minecraft:golden_sword":2,"minecraft:diamond_boots":1,"minecraft:bow":1,"minecraft:magma_block":25},"minecraft:killed":{"born_in_chaos_v1:zombie_clown":1,"born_in_chaos_v1:mr_pumpkin":1,"minecraft:zombified_piglin":7,"born_in_chaos_v1:skeleton_demoman":1,"born_in_chaos_v1:restless_spirit":3,"minecraft:spider":2,"born_in_chaos_v1:siamese_skeletonsright":2,"minecraft:skeleton":15,"minecraft:piglin_brute":3,"minecraft:piglin":2,"minecraft:pig":3,"minecraft:zombie_villager":1,"born_in_chaos_v1:pumpkin_dunce":2,"mutantmonsters:mutant_skeleton":1,"minecraft:creeper":1,"minecraft:pillager":2,"minecraft:zombie":9,"born_in_chaos_v1:corpse_fly":10,"born_in_chaos_v1:mrs_pumpkin":1,"minecraft:cow":1,"born_in_chaos_v1:siamese_skeletonsleft":2,"minecraft:blaze":1,"born_in_chaos_v1:maggot":4,"born_in_chaos_v1:baby_spider":2,"minecraft:drowned":1,"born_in_chaos_v1:fallen_chaos_knight":1,"minecraft:husk":7,"born_in_chaos_v1:baby_skeleton":2,"born_in_chaos_v1:swarmer":1,"born_in_chaos_v1:decrepit_skeleton":4,"born_in_chaos_v1:decaying_zombie":2,"born_in_chaos_v1:dark_vortex":1},"minecraft:mined":{"minecraft:dark_oak_planks":1,"minecraft:red_nether_brick_slab":3,"alexsmobs:leafcutter_anthill":1,"minecraft:red_nether_bricks":4,"minecraft:cave_vines_plant":1,"gobber2:gobber2_ore_deepslate":24,"minecraft:jungle_log":3,"minecraft:cracked_polished_blackstone_bricks":19,"minecraft:coal_block":1,"minecraft:spawner":4,"minecraft:polished_blackstone_bricks":40,"minecraft:cobbled_deepslate":5,"minecraft:stripped_mangrove_wood":2,"minecraft:blackstone":16,"minecraft:melon_stem":1,"minecraft:soul_fire":2,"minecraft:clay":4,"minecraft:torch":10,"minecraft:note_block":1,"minecraft:jungle_stairs":4,"minecraft:blast_furnace":8,"gobber2:gobber2_lucky_block_nether":8,"minecraft:sugar_cane":4,"minecraft:oak_planks":9,"minecraft:damaged_anvil":1,"minecraft:wall_torch":5,"minecraft:dark_oak_slab":1,"biomesoplenty:glowworm_silk_strand":1,"minecraft:birch_log":14,"minecraft:lilac":1,"dynamictrees:azalea_leaves":1,"simpleores:deepslate_tin_ore":2,"biomesoplenty:large_rose_quartz_bud":1,"minecraft:grass":22,"minecraft:oak_log":6,"minecraft:netherrack":97,"minecraft:deepslate":128,"iceandfire:lightning_lily":2,"minecraft:tuff":5,"minecraft:deepslate_diamond_ore":33,"minecraft:dark_oak_fence":6,"minecraft:jungle_planks":6,"minecraft:moss_block":3,"minecraft:large_fern":8,"minecraft:gold_block":3,"minecraft:bookshelf":15,"minecraft:deepslate_iron_ore":42,"minecraft:vine":1,"minecraft:soul_sand":8,"epicpaladins:deepslate_bloodstone_ore":4,"minecraft:basalt":1,"minecraft:crafting_table":11,"minecraft:rose_bush":1,"minecraft:lectern":1,"minecraft:tall_grass":3,"minecraft:gray_wool":1,"minecraft:coarse_dirt":3,"gobber2:gobber2_lucky_block_deepslate":19,"minecraft:coal_ore":8,"minecraft:gravel":7,"minecraft:small_dripleaf":1,"minecraft:fern":4},"minecraft:crafted":{"minecraft:oak_planks":24,"minecraft:dark_oak_boat":1,"gobber2:gobber2_leggings":1,"minecraft:birch_boat":1,"minecraft:iron_boots":1,"justhammers:diamond_hammer":1,"gobber2:gobber2_ingot":45,"minecraft:diamond_axe":1,"minecraft:crafting_table":5,"gobber2:gobber2_hammer":1,"gobber2:gobber2_axe":1,"minecraft:iron_helmet":1,"gobber2:gobber2_rod":4,"minecraft:birch_planks":124,"minecraft:diamond_pickaxe":1,"minecraft:shield":1,"minecraft:stick":16,"minecraft:iron_ingot":40,"minecraft:iron_pickaxe":1,"minecraft:gold_ingot":6,"spartanshields:wooden_basic_shield":1,"minecraft:coal":9,"gobber2:gobber2_helmet":1,"gobber2:gobber2_glob":11,"minecraft:iron_axe":2,"gobber2:gobber2_boots":1,"minecraft:dark_oak_planks":168,"minecraft:bucket":1,"minecraft:air":0,"minecraft:wooden_axe":1,"minecraft:iron_leggings":1,"minecraft:torch":116,"minecraft:diamond_chestplate":1},"minecraft:broken":{"minecraft:iron_boots":1,"minecraft:iron_helmet":1}},"DataVersion":3465}