{"stats":{"minecraft:picked_up":{"minecraft:golden_sword":2,"born_in_chaos_v1:holiday_candy":31,"mutantmonsters:mutant_skeleton_skull":1,"minecraft:polished_blackstone_brick_stairs":2,"minecraft:string":5,"minecraft:raw_copper":15,"minecraft:red_nether_bricks":5,"epicpaladins:bloodstone_gem":22,"gobber2:gobber2_glass_nether":1,"born_in_chaos_v1:chocolate_heart":2,"dynamictrees:dark_oak_seed":14,"minecraft:gold_nugget":3,"minecraft:cobbled_deepslate":2731,"born_in_chaos_v1:charmof_power":1,"spartanshields:diamond_tower_shield":1,"born_in_chaos_v1:smoldering_infernal_ember":10,"simpleores:raw_tin":44,"minecraft:written_book":1,"minecraft:azalea":3,"minecraft:iron_pickaxe":3,"minecraft:coal_block":1,"simpleores:adamantium_sword":1,"minecraft:stick":40,"orcz:orcskull":2,"born_in_chaos_v1:shattered_skull":4,"simpleores:mythril_ingot":3,"epicpaladins:arclight_gem":2,"minecraft:big_dripleaf":2,"minecraft:torch":25,"born_in_chaos_v1:coffee_candy":5,"minecraft:porkchop":6,"iceandfire:rotten_egg":1,"tombstone:grave_dust":4,"minecraft:diorite":3,"tombstone:lollipop":1,"gobber2:gobber2_foo":8,"iceandfire:lightning_lily":1,"epicpaladins:cryorium_gem":5,"minecraft:rotten_flesh":59,"mutantmonsters:mutant_skeleton_shoulder_pad":2,"minecraft:obsidian":27,"minecraft:cobblestone":322,"minecraft:birch_log":31,"minecraft:magma_block":25,"minecraft:leather_chestplate":1,"minecraft:feather":2,"minecraft:lilac":2,"orcz:orcteeth":2,"minecraft:andesite":269,"born_in_chaos_v1:spiritual_dust":1,"minecraft:jungle_log":3,"born_in_chaos_v1:mint_ice_cream":1,"minecraft:potato":1,"gobber2:gobber2_glob":2,"paraglider:spirit_orb":8,"minecraft:tuff":140,"gobber2:gobber2_gooey_bread_nether":2,"minecraft:lapis_lazuli":108,"minecraft:dirt":21,"born_in_chaos_v1:monster_skin":1,"minecraft:bone":17,"simpleores:raw_mythril":23,"minecraft:bow":1,"gobber2:gobber2_gooey_beef":22,"minecraft:wheat_seeds":16,"minecraft:raw_gold":8,"gobber2:gobber2_globette":232,"minecraft:moss_block":6,"minecraft:oak_planks":9,"gobber2:gobber2_gooey_bread":20,"gobber2:gobber2_rod_nether":3,"orcz:skullwandorc":1,"gobber2:gobber2_chestplate":3,"minecraft:jungle_planks":6,"minecraft:dark_oak_log":42,"minecraft:mossy_cobblestone":16,"minecraft:bundle":1,"minecraft:diamond":80,"minecraft:cracked_polished_blackstone_bricks":25,"minecraft:granite":4,"minecraft:golden_apple":1,"alexsmobs:maggot":1,"orcz:ironscrap":1,"epicpaladins:angel_sword":3,"minecraft:netherrack":163,"minecraft:dark_oak_fence":4,"gobber2:gobber2_goo":17,"minecraft:diamond_pickaxe":1,"minecraft:coarse_dirt":3,"minecraft:crafting_table":10,"minecraft:chicken":1,"minecraft:clay_ball":20,"born_in_chaos_v1:seedof_chaos":4,"minecraft:leather_leggings":1,"minecraft:gold_block":3,"minecraft:moss_carpet":5,"minecraft:blackstone":44,"simpleores:raw_adamantium":13,"minecraft:lectern":1,"minecraft:sugar_cane":11,"minecraft:raw_iron":57,"gobber2:gobber2_block":1,"minecraft:polished_blackstone_bricks":54,"born_in_chaos_v1:pieceofdarkmetal":24,"minecraft:redstone":10,"minecraft:dark_oak_planks":1,"minecraft:diamond_chestplate":1,"minecraft:arrow":17,"minecraft:beetroot_seeds":4,"minecraft:pumpkin_pie":2,"minecraft:jungle_stairs":5,"gobber2:gobber2_gooey_beef_nether":1,"minecraft:diamond_boots":1,"mutantmonsters:mutant_skeleton_rib":2,"minecraft:gold_ingot":2,"sophisticatedbackpacks:copper_backpack":1,"minecraft:glow_berries":1,"minecraft:mutton":2,"minecraft:white_wool":1,"minecraft:rail":1,"born_in_chaos_v1:fused_bone":6,"born_in_chaos_v1:corpse_maggot":10,"minecraft:basalt":6,"gobber2:gobber2_ingot":2,"gobber2:gobber2_gooey_beefstew":10,"minecraft:oak_log":8,"mutantmonsters:mutant_skeleton_limb":5,"minecraft:cooked_mutton":1,"born_in_chaos_v1:soul_cutlass":2,"mowziesmobs:foliaath_seed":6,"minecraft:iron_ingot":4,"dynamictrees:birch_seed":3,"tombstone:bag_of_seeds":2,"minecraft:soul_sand":8,"minecraft:flowering_azalea":1,"minecraft:book":45,"minecraft:smooth_basalt":4,"minecraft:dark_oak_slab":1,"born_in_chaos_v1:lifestealer_bone":5,"born_in_chaos_v1:ethereal_spirit":9,"minecraft:gravel":32,"minecraft:blast_furnace":8,"minecraft:pumpkin_seeds":4,"minecraft:diamond_axe":1,"born_in_chaos_v1:rotten_infernal_pumpkin":1,"minecraft:gray_wool":1,"gobber2:gobber2_bow":2,"minecraft:red_nether_brick_slab":4,"tombstone:magic_scroll":3,"minecraft:damaged_anvil":1,"gobber2:gobber2_goo_nether":2,"minecraft:coal":43},"minecraft:custom":{"minecraft:interact_with_crafting_table":65,"minecraft:open_barrel":91,"goblintraders:trade_with_goblin":2,"minecraft:leave_game":4,"minecraft:time_since_death":105254,"minecraft:sprint_one_cm":621858,"minecraft:damage_blocked_by_shield":2476,"minecraft:drop":325,"tombstone:eaten_lollipop":1,"minecraft:play_noteblock":4,"minecraft:talked_to_villager":2,"minecraft:play_time":261665,"minecraft:deaths":28,"minecraft:jump":5276,"minecraft:walk_on_water_one_cm":74996,"minecraft:sleep_in_bed":2,"minecraft:waystone_activated":1,"minecraft:damage_dealt":32387,"minecraft:player_kills":1,"minecraft:crouch_one_cm":29344,"tombstone:undead_killed":70,"minecraft:mob_kills":130,"minecraft:damage_dealt_resisted":2676,"minecraft:climb_one_cm":2513,"minecraft:walk_one_cm":659080,"minecraft:sneak_time":8493,"minecraft:walk_under_water_one_cm":24491,"minecraft:boat_one_cm":218935,"minecraft:interact_with_blast_furnace":27,"minecraft:total_world_time":261665,"spartanshields:shield_bash_hits":3,"tombstone:raider_killed":2,"minecraft:tune_noteblock":1,"minecraft:time_since_rest":105031,"minecraft:damage_taken":16863,"minecraft:damage_absorbed":40,"minecraft:swim_one_cm":34200,"minecraft:fly_one_cm":781130,"minecraft:open_chest":48,"minecraft:fall_one_cm":128705},"minecraft:used":{"minecraft:moss_block":3,"minecraft:moss_carpet":4,"gobber2:gobber2_goo":14,"born_in_chaos_v1:rotten_infernal_pumpkin":1,"minecraft:chest":2,"gobber2:gobber2_boots":1,"gobber2:gobber2_gooey_bread":20,"minecraft:shield":23,"tombstone:lollipop":1,"gobber2:gobber2_goo_nether":2,"minecraft:soul_sand":8,"minecraft:mutton":2,"minecraft:jungle_planks":1,"born_in_chaos_v1:soul_cutlass":11,"minecraft:tuff":5,"minecraft:obsidian":1,"minecraft:big_dripleaf":2,"born_in_chaos_v1:corpse_maggot":2,"iceandfire:lightning_lily":1,"born_in_chaos_v1:coffee_candy":5,"minecraft:iron_helmet":1,"minecraft:dark_oak_slab":1,"gobber2:gobber2_hammer":234,"minecraft:dark_oak_boat":1,"minecraft:diorite":3,"minecraft:oak_planks":25,"minecraft:blackstone":9,"minecraft:diamond_axe":286,"minecraft:golden_apple":1,"minecraft:glow_berries":2,"minecraft:blast_furnace":4,"minecraft:crossbow":6,"born_in_chaos_v1:holiday_candy":1,"gobber2:gobber2_gooey_bread_nether":2,"gobber2:gobber2_gooey_beefstew":10,"gobber2:gobber2_axe":83,"minecraft:string":1,"minecraft:bread":22,"spartanshields:diamond_tower_shield":7,"tombstone:grave_key":21,"minecraft:lilac":2,"minecraft:dark_oak_fence":6,"minecraft:andesite":6,"epicpaladins:angel_sword":2,"gobber2:gobber2_chestplate":3,"minecraft:coarse_dirt":3,"gobber2:gobber2_paxel":169,"born_in_chaos_v1:chocolate_heart":2,"gobber2:gobber2_leggings":1,"orcz:skullwandorc":1,"minecraft:netherrack":144,"minecraft:torch":141,"minecraft:dirt":3,"minecraft:red_nether_brick_slab":2,"minecraft:granite":4,"minecraft:dark_oak_planks":20,"minecraft:wooden_axe":37,"minecraft:iron_axe":81,"gobber2:gobber2_helmet":1,"minecraft:iron_boots":1,"minecraft:diamond_chestplate":1,"gobber2:gobber2_gooey_beef":21,"tombstone:gift":6,"dynamictrees:dark_oak_seed":1,"minecraft:cooked_beef":3,"minecraft:cobbled_deepslate":423,"minecraft:iron_leggings":1,"gobber2:gobber2_bow":2,"minecraft:water_bucket":114,"minecraft:birch_planks":58,"minecraft:red_nether_bricks":2,"minecraft:birch_boat":1,"minecraft:polished_blackstone_bricks":33,"minecraft:mossy_cobblestone":16,"minecraft:rail":1,"minecraft:crafting_table":14,"justhammers:diamond_hammer":403,"tombstone:bag_of_seeds":1,"minecraft:diamond_pickaxe":229,"minecraft:apple":6,"minecraft:cracked_polished_blackstone_bricks":19,"minecraft:chicken":1,"minecraft:iron_pickaxe":102,"tombstone:magic_scroll":2,"minecraft:golden_leggings":1,"minecraft:cobblestone":72,"minecraft:cooked_porkchop":2,"minecraft:bucket":115,"minecraft:pumpkin_pie":10,"minecraft:gray_wool":1,"gobber2:gobber2_gooey_beef_nether":1},"minecraft:killed_by":{"minecraft:piglin_brute":6,"minecraft:pillager":3,"iceandfire:sea_serpent":3,"minecraft:husk":4,"born_in_chaos_v1:lifestealer_true_form":1,"minecraft:player":3,"born_in_chaos_v1:mother_spider":1,"mutantmonsters:mutant_skeleton":1,"minecraft:skeleton":6},"minecraft:dropped":{"minecraft:moss_block":3,"minecraft:porkchop":6,"minecraft:birch_planks":39,"minecraft:diamond_axe":2,"minecraft:cooked_beef":4,"minecraft:oak_log":2,"orcz:orcskull":2,"minecraft:diamond":4,"minecraft:crossbow":1,"minecraft:red_nether_brick_slab":2,"minecraft:jungle_planks":5,"gobber2:gobber2_rod_nether":3,"minecraft:cracked_polished_blackstone_bricks":6,"minecraft:dirt":18,"minecraft:polished_blackstone_brick_stairs":2,"minecraft:pumpkin_pie":7,"minecraft:polished_blackstone_bricks":21,"gobber2:gobber2_goo":3,"minecraft:iron_pickaxe":4,"born_in_chaos_v1:mint_ice_cream":1,"minecraft:white_wool":1,"minecraft:gold_ingot":3,"minecraft:bone":3,"minecraft:gravel":32,"minecraft:blackstone":35,"minecraft:cobbled_deepslate":2040,"alexsmobs:animal_dictionary":1,"minecraft:obsidian":26,"born_in_chaos_v1:ethereal_spirit":2,"minecraft:beetroot":6,"minecraft:rotten_flesh":59,"minecraft:cooked_mutton":5,"minecraft:leather_chestplate":1,"gobber2:gobber2_chestplate":2,"minecraft:jungle_stairs":5,"born_in_chaos_v1:corpse_maggot":8,"minecraft:beetroot_seeds":6,"minecraft:melon_seeds":2,"minecraft:jungle_log":3,"minecraft:azalea":3,"gobber2:gobber2_glob":1,"minecraft:leather_leggings":1,"simpleores:mythril_ingot":6,"minecraft:red_nether_bricks":3,"minecraft:basalt":6,"minecraft:arrow":10,"orcz:skullwandorc":1,"minecraft:netherrack":20,"justhammers:diamond_hammer":1,"minecraft:bread":6,"gobber2:gobber2_ingot":15,"born_in_chaos_v1:shattered_skull":2,"minecraft:wheat_seeds":16,"gobber2:gobber2_foo":6,"dynamictrees:birch_seed":3,"mowziesmobs:foliaath_seed":8,"dynamictrees:dark_oak_seed":13,"minecraft:feather":2,"born_in_chaos_v1:holiday_candy":1,"minecraft:cobblestone":162,"minecraft:apple":4,"born_in_chaos_v1:soul_cutlass":1,"gobber2:gobber2_glass_nether":1,"minecraft:mushroom_stew":1,"tombstone:magic_scroll":1,"minecraft:wooden_axe":1,"gobber2:gobber2_bow":2,"born_in_chaos_v1:fused_bone":2,"epicpaladins:angel_sword":2,"tombstone:grave_dust":2,"minecraft:potion":1,"minecraft:iron_leggings":1,"minecraft:flowering_azalea":1,"minecraft:iron_axe":2,"minecraft:string":2,"simpleores:raw_mythril":21,"epicpaladins:arclight_gem":2,"minecraft:smooth_basalt":4,"minecraft:moss_carpet":1,"alexsmobs:maggot":1,"minecraft:cocoa_beans":3,"minecraft:raw_copper":11,"minecraft:tuff":130,"minecraft:raw_iron":1,"simpleores:raw_adamantium":12,"minecraft:clay_ball":20,"born_in_chaos_v1:spiritual_dust":1,"orcz:ironscrap":1,"minecraft:pumpkin_seeds":6,"gobber2:gobber2_globette":2,"minecraft:filled_map":1,"simpleores:raw_tin":22,"minecraft:potato":1,"minecraft:shield":1,"iceandfire:rotten_egg":1,"minecraft:diamond_chestplate":1,"minecraft:bundle":1,"minecraft:diamond_pickaxe":2,"minecraft:andesite":268,"minecraft:golden_leggings":1,"minecraft:golden_sword":2,"minecraft:diamond_boots":1,"minecraft:bow":1,"minecraft:magma_block":25},"minecraft:killed":{"born_in_chaos_v1:zombie_clown":1,"born_in_chaos_v1:mr_pumpkin":4,"minecraft:zombified_piglin":7,"born_in_chaos_v1:skeleton_demoman":1,"born_in_chaos_v1:restless_spirit":3,"minecraft:spider":2,"born_in_chaos_v1:siamese_skeletonsright":2,"born_in_chaos_v1:scarlet_persecutor":2,"minecraft:skeleton":15,"minecraft:piglin_brute":3,"minecraft:piglin":2,"orcz:weirdboinecro":1,"minecraft:pig":3,"minecraft:zombie_villager":5,"born_in_chaos_v1:pumpkin_dunce":2,"mutantmonsters:mutant_skeleton":1,"minecraft:creeper":1,"orcz:orcsavage_2swordiron":1,"minecraft:pillager":2,"minecraft:zombie":13,"born_in_chaos_v1:corpse_fly":13,"born_in_chaos_v1:mrs_pumpkin":1,"minecraft:cow":1,"born_in_chaos_v1:siamese_skeletonsleft":3,"minecraft:blaze":1,"alexsmobs:tasmanian_devil":1,"born_in_chaos_v1:zombie_bruiser":2,"born_in_chaos_v1:maggot":4,"born_in_chaos_v1:baby_spider":2,"minecraft:drowned":1,"born_in_chaos_v1:mr_pumpkin_controlled":1,"born_in_chaos_v1:fallen_chaos_knight":1,"minecraft:husk":7,"born_in_chaos_v1:baby_skeleton":2,"born_in_chaos_v1:swarmer":1,"born_in_chaos_v1:decrepit_skeleton":6,"born_in_chaos_v1:decaying_zombie":2,"alexsmobs:elephant":1,"born_in_chaos_v1:dark_vortex":1},"minecraft:mined":{"minecraft:dark_oak_planks":1,"minecraft:red_nether_brick_slab":3,"alexsmobs:leafcutter_anthill":1,"minecraft:red_nether_bricks":4,"minecraft:cave_vines_plant":1,"gobber2:gobber2_ore_deepslate":42,"gobber2:gobber2_lucky_block":2,"minecraft:jungle_log":3,"minecraft:cracked_polished_blackstone_bricks":19,"minecraft:coal_block":1,"minecraft:spawner":4,"minecraft:polished_blackstone_bricks":40,"gobber2:gobber2_ore":2,"minecraft:cobbled_deepslate":5,"minecraft:stripped_mangrove_wood":2,"minecraft:blackstone":16,"minecraft:melon_stem":1,"minecraft:soul_fire":2,"minecraft:clay":4,"minecraft:torch":11,"minecraft:note_block":1,"minecraft:jungle_stairs":4,"minecraft:blast_furnace":8,"gobber2:gobber2_lucky_block_nether":8,"minecraft:cobblestone":8,"minecraft:sugar_cane":4,"minecraft:oak_planks":9,"minecraft:damaged_anvil":1,"minecraft:wall_torch":5,"minecraft:dark_oak_slab":1,"orcz:orcagaric":1,"biomesoplenty:glowworm_silk_strand":1,"minecraft:birch_log":14,"minecraft:lilac":1,"dynamictrees:azalea_leaves":1,"simpleores:deepslate_tin_ore":2,"biomesoplenty:large_rose_quartz_bud":1,"minecraft:grass":32,"minecraft:oak_log":6,"minecraft:oak_leaves":2,"minecraft:netherrack":97,"minecraft:deepslate":149,"iceandfire:lightning_lily":2,"minecraft:tuff":6,"minecraft:mossy_cobblestone":1,"minecraft:deepslate_diamond_ore":36,"biomesoplenty:desert_grass":3,"minecraft:dark_oak_fence":6,"minecraft:jungle_planks":6,"minecraft:moss_block":3,"minecraft:large_fern":8,"minecraft:andesite":7,"minecraft:gold_block":3,"minecraft:bookshelf":15,"minecraft:deepslate_iron_ore":42,"minecraft:vine":1,"minecraft:stone":22,"minecraft:soul_sand":8,"epicpaladins:deepslate_bloodstone_ore":4,"minecraft:basalt":1,"minecraft:crafting_table":12,"minecraft:rose_bush":1,"minecraft:lectern":1,"minecraft:tall_grass":4,"minecraft:gray_wool":1,"minecraft:coarse_dirt":3,"gobber2:gobber2_lucky_block_deepslate":21,"minecraft:coal_ore":12,"minecraft:gravel":7,"minecraft:small_dripleaf":1,"minecraft:fern":4},"minecraft:crafted":{"minecraft:oak_planks":24,"gobber2:gobber2_paxel":1,"minecraft:dark_oak_boat":1,"gobber2:gobber2_leggings":1,"minecraft:birch_boat":1,"minecraft:iron_boots":1,"justhammers:diamond_hammer":1,"minecraft:chest":2,"gobber2:gobber2_pickaxe":1,"gobber2:gobber2_ingot":75,"minecraft:diamond_axe":1,"minecraft:crafting_table":5,"gobber2:gobber2_hammer":1,"gobber2:gobber2_axe":1,"minecraft:iron_helmet":1,"gobber2:gobber2_rod":10,"minecraft:birch_planks":124,"minecraft:diamond_pickaxe":1,"minecraft:shield":1,"minecraft:stick":16,"minecraft:iron_ingot":40,"minecraft:iron_pickaxe":1,"minecraft:gold_ingot":33,"spartanshields:wooden_basic_shield":1,"minecraft:coal":9,"gobber2:gobber2_shovel":1,"gobber2:gobber2_helmet":1,"gobber2:gobber2_glob":21,"minecraft:iron_axe":2,"gobber2:gobber2_boots":1,"minecraft:dark_oak_planks":168,"minecraft:bucket":1,"minecraft:air":0,"minecraft:wooden_axe":1,"minecraft:iron_leggings":1,"minecraft:torch":116,"minecraft:diamond_chestplate":1},"minecraft:broken":{"minecraft:iron_boots":1,"minecraft:iron_helmet":1}},"DataVersion":3465}