{"stats":{"minecraft:killed":{"minecraft:cave_spider":2,"mowziesmobs:umvuthi":1,"minecraft:spider":3,"minecraft:skeleton":23,"mowziesmobs:umvuthana_crane":2,"alexsmobs:straddler":1,"minecraft:piglin":1,"minecraft:pig":6,"minecraft:zombie_villager":2,"minecraft:creeper":2,"alexsmobs:crimson_mosquito":7,"minecraft:sheep":3,"minecraft:zombie":18,"minecraft:ghast":1,"minecraft:blaze":20,"alexsmobs:bone_serpent":1,"mowziesmobs:umvuthana":17,"minecraft:hoglin":1,"iceandfire:ice_dragon":1,"minecraft:wither_skeleton":11},"minecraft:mined":{"minecraft:white_bed":1,"minecraft:red_nether_bricks":1,"minecraft:granite":22,"minecraft:grass_block":5,"minecraft:jungle_log":3,"gobber2:gobber2_lucky_block":15,"iceandfire:lectern":1,"minecraft:composter":2,"minecraft:spawner":2,"minecraft:weeping_vines_plant":16,"minecraft:magma_block":1,"minecraft:barrel":1,"minecraft:iron_ore":15,"minecraft:fire":68,"minecraft:red_bed":8,"minecraft:blackstone":16,"minecraft:crimson_nylium":19,"iceandfire:dragon_ice_spikes":4,"minecraft:torch":6,"minecraft:blast_furnace":2,"gobber2:gobber2_lucky_block_nether":50,"minecraft:chest":2,"minecraft:white_stained_glass_pane":2,"minecraft:cobblestone":67,"minecraft:grindstone":1,"minecraft:damaged_anvil":1,"minecraft:oak_planks":20,"minecraft:wall_torch":3,"minecraft:nether_wart_block":1,"minecraft:stone_brick_stairs":2,"minecraft:grass":34,"minecraft:oak_log":24,"minecraft:dirt":9,"minecraft:smooth_basalt":57,"minecraft:stonecutter":1,"minecraft:netherrack":396,"minecraft:oak_leaves":8,"minecraft:deepslate":11,"minecraft:nether_gold_ore":3,"minecraft:tuff":1,"iceandfire:silver_ore":1,"minecraft:deepslate_diamond_ore":35,"minecraft:dark_oak_log":1,"minecraft:weeping_vines":3,"minecraft:mangrove_trapdoor":1,"minecraft:spruce_leaves":24,"minecraft:crimson_stem":8,"minecraft:large_fern":1,"minecraft:hay_block":12,"minecraft:spore_blossom":1,"minecraft:furnace":4,"minecraft:andesite":10,"minecraft:gold_block":1,"minecraft:bell":4,"minecraft:bookshelf":31,"minecraft:deepslate_iron_ore":45,"minecraft:vine":3,"minecraft:stone":97,"minecraft:bone_block":11,"minecraft:smithing_table":1,"minecraft:crafting_table":8,"minecraft:lectern":8,"minecraft:campfire":1,"minecraft:tall_grass":2,"minecraft:deepslate_gold_ore":5,"minecraft:beehive":1,"minecraft:gray_bed":6,"minecraft:ice":2,"minecraft:spruce_log":54,"gobber2:gobber2_lucky_block_deepslate":28,"minecraft:yellow_bed":1,"minecraft:coal_ore":132,"minecraft:gravel":4,"minecraft:cracked_stone_bricks":3,"minecraft:stone_bricks":15,"minecraft:small_dripleaf":1,"minecraft:mossy_stone_bricks":1,"minecraft:gold_ore":2,"minecraft:fern":4},"minecraft:broken":{"mowziesmobs:umvuthana_mask_faith":1,"minecraft:iron_boots":1,"minecraft:iron_leggings":1,"minecraft:shield":1},"minecraft:picked_up":{"minecraft:smithing_table":1,"minecraft:stone_brick_stairs":3,"minecraft:string":5,"minecraft:raw_copper":7,"gobber2:gobber2_glass_nether":9,"alexsmobs:blood_sac":6,"minecraft:gold_nugget":10,"minecraft:cobbled_deepslate":11,"minecraft:rose_bush":1,"minecraft:furnace":4,"minecraft:beehive":1,"minecraft:stick":6,"minecraft:composter":2,"mowziesmobs:sol_visage":1,"minecraft:torch":20,"iceandfire:dragonscales_white":28,"minecraft:porkchop":13,"tombstone:grave_dust":19,"minecraft:deepslate_tile_stairs":2,"minecraft:golden_chestplate":1,"tombstone:lollipop":7,"gobber2:gobber2_foo":6,"iceandfire:lightning_lily":2,"minecraft:stone_sword":2,"minecraft:rotten_flesh":17,"minecraft:blaze_rod":10,"minecraft:obsidian":1,"minecraft:cobblestone":426,"minecraft:birch_log":1,"iceandfire:sapphire_gem":5,"minecraft:feather":11,"minecraft:cooked_beef":4,"minecraft:andesite":10,"minecraft:jungle_log":3,"paraglider:spirit_orb":5,"minecraft:flint":1,"minecraft:tuff":3,"gobber2:gobber2_gooey_bread_nether":6,"minecraft:dirt":15,"minecraft:bone":36,"minecraft:stonecutter":1,"minecraft:bow":4,"gobber2:gobber2_gooey_beef":9,"minecraft:wheat_seeds":5,"minecraft:raw_gold":7,"minecraft:bell":5,"iceandfire:armor_white_leggings":1,"minecraft:grindstone":1,"minecraft:mossy_stone_bricks":1,"minecraft:oak_planks":31,"gobber2:gobber2_gooey_bread":11,"gobber2:gobber2_rod_nether":10,"minecraft:chiseled_polished_blackstone":4,"minecraft:jungle_planks":1,"sophisticatedbackpacks:iron_backpack":1,"minecraft:barrel":1,"minecraft:bundle":2,"minecraft:diamond":36,"iceandfire:lectern":1,"iceandfire:dragon_ice":1,"minecraft:cracked_polished_blackstone_bricks":1,"minecraft:granite":21,"minecraft:grass":3,"alexsmobs:maggot":1,"minecraft:netherrack":392,"iceandfire:silver_nugget":56,"gobber2:gobber2_goo":14,"iceandfire:raw_silver":3,"minecraft:diamond_pickaxe":2,"minecraft:charcoal":2,"minecraft:crafting_table":7,"iceandfire:witherbone":6,"minecraft:brown_mushroom":9,"minecraft:wooden_pickaxe":2,"minecraft:gold_block":1,"minecraft:shield":2,"minecraft:red_bed":8,"minecraft:moss_carpet":6,"minecraft:iron_shovel":1,"minecraft:blackstone":18,"minecraft:cracked_stone_bricks":3,"minecraft:beef":5,"minecraft:lectern":8,"minecraft:chest":5,"minecraft:birch_sapling":1,"iceandfire:ice_dragon_heart":2,"minecraft:raw_iron":78,"iceandfire:dragonbone":17,"minecraft:mangrove_trapdoor":1,"minecraft:iron_horse_armor":1,"iceandfire:dragon_skull_ice":2,"mowziesmobs:umvuthana_mask_faith":2,"minecraft:arrow":12,"minecraft:weeping_vines":11,"gobber2:gobber2_gooey_beef_nether":11,"iceandfire:dragonscales_silver":24,"minecraft:hay_block":12,"mowziesmobs:umvuthana_mask_bliss":1,"minecraft:saddle":1,"minecraft:mutton":3,"minecraft:rail":2,"minecraft:white_wool":3,"minecraft:bone_block":10,"mowziesmobs:umvuthana_mask_fury":1,"minecraft:glow_ink_sac":8,"minecraft:crimson_stem":7,"gobber2:gobber2_gooey_beefstew":5,"minecraft:leather":2,"minecraft:oak_log":28,"minecraft:cobblestone_wall":2,"minecraft:yellow_bed":1,"minecraft:nether_wart_block":1,"mowziesmobs:wrought_axe":1,"alexsmobs:mosquito_proboscis":1,"minecraft:stone_bricks":15,"mowziesmobs:umvuthana_mask_rage":1,"minecraft:spore_blossom":1,"minecraft:stone_pickaxe":1,"gobber2:gobber2_gooey_beefstew_nether":3,"iceandfire:armor_white_helmet":1,"iceandfire:armor_white_boots":1,"minecraft:glass_bottle":1,"minecraft:gray_bed":6,"minecraft:book":93,"minecraft:smooth_basalt":57,"minecraft:black_candle":1,"minecraft:quartz":2,"minecraft:gravel":3,"minecraft:spruce_sapling":6,"minecraft:blast_furnace":2,"minecraft:white_bed":1,"minecraft:spruce_log":51,"minecraft:spider_eye":2,"iceandfire:armor_white_chestplate":1,"minecraft:iron_helmet":2,"iceandfire:ice_dragon_flesh":6,"mowziesmobs:umvuthana_mask_fear":3,"tombstone:magic_scroll":1,"minecraft:damaged_anvil":1,"minecraft:coal":154,"gobber2:gobber2_goo_nether":7},"minecraft:crafted":{"minecraft:oak_planks":96,"minecraft:iron_boots":2,"minecraft:chest":5,"minecraft:stone_hoe":1,"minecraft:cooked_porkchop":3,"minecraft:diamond_axe":1,"minecraft:crafting_table":3,"minecraft:spruce_planks":200,"minecraft:wooden_pickaxe":1,"minecraft:iron_helmet":1,"minecraft:birch_planks":4,"minecraft:iron_chestplate":2,"minecraft:diamond_pickaxe":1,"minecraft:shield":2,"minecraft:stick":40,"minecraft:iron_ingot":71,"minecraft:iron_pickaxe":2,"minecraft:gold_ingot":11,"minecraft:furnace":1,"minecraft:iron_axe":1,"minecraft:stone_pickaxe":1,"minecraft:wheat":108,"minecraft:crimson_planks":28,"minecraft:stone_axe":1,"minecraft:bread":36,"minecraft:air":0,"minecraft:jungle_planks":12,"minecraft:oak_boat":1,"minecraft:golden_apple":2,"minecraft:iron_leggings":2,"minecraft:white_bed":1,"minecraft:torch":80,"minecraft:diamond_chestplate":1},"minecraft:custom":{"minecraft:interact_with_crafting_table":48,"minecraft:open_barrel":16,"minecraft:bell_ring":44,"minecraft:eat_cake_slice":3,"minecraft:leave_game":1,"minecraft:time_since_death":13461,"minecraft:damage_resisted":227,"minecraft:sprint_one_cm":872717,"minecraft:damage_blocked_by_shield":3054,"minecraft:drop":170,"tombstone:eaten_lollipop":7,"minecraft:talked_to_villager":24,"minecraft:play_time":271523,"minecraft:deaths":40,"minecraft:jump":6637,"minecraft:walk_on_water_one_cm":43660,"minecraft:interact_with_furnace":54,"minecraft:sleep_in_bed":1,"minecraft:waystone_activated":1,"minecraft:damage_dealt":27273,"minecraft:crouch_one_cm":42605,"tombstone:undead_killed":55,"minecraft:mob_kills":124,"minecraft:damage_dealt_resisted":515,"minecraft:climb_one_cm":5834,"minecraft:walk_one_cm":767717,"minecraft:damage_dealt_absorbed":32,"minecraft:sneak_time":9792,"minecraft:walk_under_water_one_cm":17289,"minecraft:boat_one_cm":37061,"minecraft:interact_with_blast_furnace":7,"minecraft:total_world_time":271523,"tombstone:raider_killed":6,"minecraft:time_since_rest":13200,"minecraft:damage_taken":21720,"minecraft:damage_absorbed":483,"tombstone:cast_on_ally":2,"minecraft:swim_one_cm":41204,"minecraft:fly_one_cm":1245002,"minecraft:open_chest":217,"minecraft:fall_one_cm":231342},"minecraft:dropped":{"minecraft:brown_mushroom":7,"minecraft:cooked_beef":2,"minecraft:oak_log":4,"minecraft:glow_ink_sac":8,"minecraft:glass_bottle":5,"minecraft:spore_blossom":1,"minecraft:weeping_vines":13,"minecraft:jungle_planks":2,"minecraft:iron_horse_armor":1,"minecraft:saddle":1,"minecraft:rail":2,"paraglider:spirit_orb":1,"minecraft:cracked_polished_blackstone_bricks":2,"minecraft:dirt":2,"minecraft:grass":3,"minecraft:gold_nugget":10,"minecraft:iron_pickaxe":1,"minecraft:chiseled_polished_blackstone":4,"minecraft:stone_axe":1,"minecraft:blackstone":1,"mowziesmobs:umvuthana_mask_rage":1,"alexsmobs:animal_dictionary":1,"minecraft:cobbled_deepslate":1,"minecraft:golden_chestplate":1,"minecraft:birch_sapling":1,"minecraft:obsidian":1,"minecraft:rotten_flesh":12,"minecraft:oak_planks":8,"minecraft:ward_armor_trim_smithing_template":1,"iceandfire:sapphire_gem":3,"alexsmobs:blood_sac":2,"minecraft:charcoal":2,"minecraft:stone_brick_stairs":1,"minecraft:quartz":2,"minecraft:netherrack":60,"iceandfire:manuscript":18,"minecraft:enchanted_book":1,"minecraft:wheat_seeds":6,"gobber2:gobber2_foo":2,"minecraft:lead":1,"minecraft:iron_helmet":3,"minecraft:cobblestone":119,"mowziesmobs:umvuthana_mask_fear":2,"minecraft:granite":2,"minecraft:coal_block":3,"minecraft:coal":16,"gobber2:gobber2_glass_nether":2,"mowziesmobs:wrought_axe":1,"minecraft:stick":4,"minecraft:torch":9,"iceandfire:lightning_lily":2,"minecraft:rose_bush":2,"iceandfire:armor_silver_metal_chestplate":1,"minecraft:iron_leggings":2,"minecraft:iron_axe":1,"iceandfire:dragonscales_white":28,"minecraft:iron_shovel":1,"minecraft:spruce_sapling":2,"iceandfire:silver_nugget":12,"alexsmobs:maggot":1,"minecraft:stone_sword":2,"minecraft:raw_copper":7,"minecraft:tuff":3,"minecraft:iron_boots":2,"minecraft:damaged_anvil":1,"minecraft:name_tag":3,"minecraft:filled_map":1,"iceandfire:dragon_ice":1,"minecraft:shield":2,"minecraft:diamond_chestplate":1,"minecraft:spruce_planks":23,"minecraft:bundle":2,"minecraft:iron_chestplate":2,"minecraft:diamond_pickaxe":2,"minecraft:mossy_stone_bricks":1,"minecraft:spider_eye":1,"minecraft:bow":3,"minecraft:stone_pickaxe":2,"minecraft:wooden_pickaxe":3},"minecraft:killed_by":{"minecraft:wither_skeleton":1,"iceandfire:ice_dragon":22,"minecraft:zombie":2,"mowziesmobs:ferrous_wroughtnaut":6,"minecraft:skeleton":5,"alexsmobs:crimson_mosquito":2},"minecraft:used":{"gobber2:gobber2_goo":17,"mowziesmobs:umvuthana_mask_fear":11,"minecraft:shield":97,"gobber2:gobber2_gooey_bread":10,"minecraft:chest":10,"tombstone:lollipop":7,"minecraft:bell":5,"minecraft:rotten_flesh":16,"minecraft:iron_chestplate":2,"gobber2:gobber2_goo_nether":7,"mowziesmobs:umvuthana_mask_bliss":1,"minecraft:mutton":3,"gobber2:gobber2_glass_nether":7,"minecraft:beehive":1,"minecraft:lava_bucket":6,"mowziesmobs:umvuthana_mask_faith":8,"minecraft:iron_helmet":4,"minecraft:stone_brick_stairs":1,"minecraft:bow":13,"minecraft:furnace":5,"minecraft:gray_bed":6,"minecraft:potato":24,"minecraft:oak_planks":92,"minecraft:stone_pickaxe":39,"minecraft:blackstone":13,"minecraft:wooden_pickaxe":6,"minecraft:diamond_axe":682,"minecraft:golden_apple":4,"minecraft:blast_furnace":2,"gobber2:gobber2_gooey_bread_nether":6,"gobber2:gobber2_gooey_beefstew":5,"minecraft:bread":11,"minecraft:lectern":8,"tombstone:grave_key":5,"minecraft:gravel":3,"minecraft:nether_wart_block":1,"minecraft:andesite":10,"minecraft:oak_boat":1,"minecraft:spruce_planks":78,"minecraft:stone_hoe":12,"minecraft:netherrack":332,"minecraft:torch":89,"minecraft:dirt":13,"tombstone:scroll_of_aquatic_life":2,"minecraft:granite":19,"minecraft:iron_axe":20,"minecraft:iron_boots":2,"minecraft:crimson_planks":22,"minecraft:barrel":1,"minecraft:smooth_basalt":57,"minecraft:diamond_chestplate":1,"gobber2:gobber2_gooey_beef":10,"minecraft:beef":5,"tombstone:gift":6,"minecraft:cooked_beef":2,"minecraft:enchanted_golden_apple":2,"minecraft:iron_leggings":2,"tombstone:scroll_of_mercy":2,"minecraft:water_bucket":51,"minecraft:brown_mushroom":2,"minecraft:mangrove_trapdoor":1,"minecraft:crafting_table":10,"minecraft:red_bed":8,"minecraft:white_bed":2,"minecraft:spruce_log":2,"tombstone:bag_of_seeds":2,"minecraft:diamond_pickaxe":982,"minecraft:apple":3,"minecraft:iron_pickaxe":67,"tombstone:magic_scroll":1,"gobber2:gobber2_gooey_beefstew_nether":1,"mowziesmobs:sol_visage":2,"minecraft:stone_axe":26,"minecraft:cobblestone":143,"minecraft:potion":4,"minecraft:cooked_porkchop":5,"minecraft:porkchop":13,"minecraft:bucket":58,"minecraft:black_candle":1,"minecraft:yellow_bed":1,"alexsmobs:animal_dictionary":1,"gobber2:gobber2_gooey_beef_nether":11}},"DataVersion":3465}